N,H,T,H,S,R,M,G,S,I,M
E,D,G,A,E,R,E,A,A,L,E
E,A,A,L,E,R,P,R,R,T,K
A,L,E,R,P,R,R,T,K,R,E
K,I,L,I,L,R,Q,T,T,A,D
W,W,W,G,E,R,A,G,C,C,G
H,Q,E,I,A,R,S,S,Y,A,D
D,A,Q,G,A,R,N,A,V,N,L
P,S,C,P,G,R,G,K,M,S,K
E,E,M,T,S,R,D,Y,Y,F,D
V,P,R,P,R,R,T,R,R,E,R
X,X,M,S,F,R,G,G,N,R,G
F,R,G,G,N,R,G,G,R,G,G
G,N,R,G,G,R,G,G,F,R,G
G,R,G,G,F,R,G,G,F,R,G
F,R,G,G,F,R,G,G,R,T,G
G,A,P,G,G,R,G,G,A,S,M
G,A,S,M,G,R,G,G,S,R,G
G,R,G,G,S,R,G,G,F,R,G
S,R,G,G,F,R,G,G,R,G,G
G,F,R,G,G,R,G,G,S,S,F
G,G,S,S,F,R,G,G,R,G,G
S,F,R,G,G,R,G,G,S,S,F
G,G,S,S,F,R,G,G,S,R,G
F,R,G,G,S,R,G,G,S,F,R
R,G,G,S,F,R,G,G,S,R,G
F,R,G,G,S,R,G,G,S,R,G
S,R,G,G,S,R,G,G,F,R,G
S,R,G,G,F,R,G,G,R,R,X
Y,S,R,S,Y,R,G,G,G,G,G
N,R,G,G,F,R,G,R,G,G,F
G,G,F,R,G,R,G,G,F,R,G
G,R,G,G,F,R,G,G,F,R,G
F,R,G,G,F,R,G,G,F,R,G
F,R,G,G,F,R,G,G,F,S,R
R,G,G,F,S,R,G,G,F,G,G
G,F,G,G,P,R,G,G,F,G,G
G,F,G,G,P,R,G,G,Y,G,G
Y,G,G,Y,S,R,G,G,Y,G,G
Y,G,G,Y,S,R,G,G,Y,G,G
G,Y,G,G,S,R,G,G,Y,D,S
G,Y,D,S,P,R,G,G,Y,D,S
G,Y,D,S,P,R,G,G,Y,S,R
R,G,G,Y,S,R,G,G,Y,G,G
D,Y,G,P,P,R,G,S,Y,G,G
S,Y,G,G,S,R,G,G,Y,D,G
G,Y,D,G,P,R,G,D,Y,G,P
S,S,W,A,V,R,K,T,L,P,A
R,D,D,S,R,R,G,G,F,G,S
S,L,G,T,A,R,P,P,P,S,M
A,G,L,A,A,R,M,S,Q,V,P
A,N,L,A,S,R,I,P,A,A,S
N,L,A,S,A,R,T,P,A,I,P
N,L,A,S,P,R,T,A,V,A,P
N,L,A,D,P,R,T,P,T,A,P
N,L,V,G,P,R,S,A,H,A,T
N,L,T,S,P,R,V,P,L,S,A
X,X,X,M,A,R,T,K,Q,T,A
T,K,Q,T,A,R,K,S,T,G,G
G,G,K,A,P,R,K,Q,L,A,T
X,X,X,M,A,R,T,K,Q,T,A
T,K,Q,T,A,R,K,S,T,G,G
G,G,K,A,P,R,K,Q,L,A,T
X,X,X,M,A,R,T,K,Q,T,A
T,K,Q,T,A,R,K,S,T,G,G
G,G,K,A,P,R,K,Q,L,A,T
L,P,H,R,S,R,G,G,G,G,G
G,G,G,G,S,R,G,G,A,R,A
V,P,E,P,S,R,G,R,G,V,P
E,P,S,R,G,R,G,V,P,V,R
P,V,P,R,G,R,G,V,G,P,P
G,V,G,P,P,R,G,A,L,V,R
R,G,A,L,V,R,G,T,P,V,R
R,G,T,P,V,R,G,A,I,T,R
G,A,T,V,T,R,G,V,P,P,P
P,P,P,T,V,R,G,A,P,A,P
G,S,Q,G,G,R,G,G,G,A,Q
G,P,I,R,N,R,P,A,I,A,R
R,P,A,I,A,R,G,A,A,G,G
A,G,G,G,G,R,N,R,P,A,P
G,M,T,R,N,R,G,A,G,G,F
T,R,R,G,T,R,G,G,A,R,G
Y,G,S,G,G,R,G,N,R,N,R
G,K,S,Q,R,R,G,G,H,Q,N
P,T,G,G,G,R,G,R,G,M,R
G,G,G,R,G,R,G,M,R,S,R
R,G,M,R,S,R,G,R,G,G,F
M,R,S,R,G,R,G,G,F,T,S
C,Y,N,C,G,R,G,G,H,I,A
G,G,F,A,G,R,A,R,G,R,G
F,A,G,R,A,R,G,R,G,G,G
G,R,A,R,G,R,G,G,G,P,S
G,K,V,S,R,R,G,G,H,Q,N
P,Q,A,Q,G,R,P,P,Y,Y,T
Q,L,A,Q,M,R,P,N,P,R,W
M,R,P,N,P,R,W,Q,Q,G,G
M,P,S,A,I,R,Q,S,G,P,R
A,A,A,A,P,R,A,V,A,P,Y
Y,A,S,S,V,R,S,P,H,P,A
N,Q,Y,M,Q,R,M,A,S,V,R
P,Q,T,Q,N,R,A,A,Y,Y,P
Q,I,A,Q,L,R,P,S,P,R,W
L,R,P,S,P,R,W,T,A,Q,G
M,P,G,A,I,R,P,A,A,P,R
R,P,A,A,P,R,P,P,F,S,T
V,M,S,T,Q,R,V,A,N,T,S
Q,T,M,G,P,R,P,A,A,A,A
A,T,P,A,V,R,T,V,P,Q,Y
Y,A,A,G,V,R,N,P,Q,Q,H
S,S,R,S,G,R,G,G,N,F,G
G,F,G,D,S,R,G,G,G,G,N
P,G,S,N,F,R,G,G,S,D,G
G,Y,G,S,G,R,G,F,G,D,G
G,Y,G,G,G,R,G,G,Y,G,G
N,F,G,G,S,R,N,M,G,G,P
G,G,Y,G,G,R,S,R,Y,X,X
Y,S,R,S,Y,R,G,G,G,G,G
S,G,P,D,N,R,G,R,G,R,G
P,D,N,R,G,R,G,R,G,G,F
N,R,G,R,G,R,G,G,F,D,R
R,G,G,F,D,R,G,G,M,S,R
R,G,G,M,S,R,G,G,R,G,G
M,S,R,G,G,R,G,G,G,R,G
G,R,G,G,G,R,G,G,M,G,S
P,M,N,S,M,R,G,G,L,P,P
P,P,R,E,G,R,G,M,P,P,P
M,P,P,P,L,R,G,G,P,G,G
G,G,P,M,G,R,M,G,G,R,G
G,R,M,G,G,R,G,G,D,R,G
G,R,G,G,D,R,G,G,F,P,P
G,G,F,P,P,R,G,P,R,G,S
P,P,R,G,P,R,G,S,R,G,N
G,P,R,G,S,R,G,N,P,S,G
P,P,G,G,D,R,G,R,G,G,P
G,G,D,R,G,R,G,G,P,G,G
G,P,G,G,M,R,G,G,R,G,G
G,M,R,G,G,R,G,G,L,M,D
G,G,L,M,D,R,G,G,P,G,G
P,G,G,M,F,R,G,G,R,G,G
M,F,R,G,G,R,G,G,D,R,G
G,R,G,G,D,R,G,G,F,R,G
D,R,G,G,F,R,G,G,R,G,M
G,F,R,G,G,R,G,M,D,R,G
G,R,G,M,D,R,G,G,F,G,G
F,G,G,G,R,R,G,G,P,G,G
Q,M,G,G,R,R,G,G,R,G,G
G,R,R,G,G,R,G,G,P,G,K
Q,S,G,K,K,R,G,F,G,F,V
S,S,W,G,G,R,S,N,S,G,P
N,S,G,P,Y,R,G,G,Y,G,G
S,S,G,G,D,R,G,G,F,K,N
G,Y,G,G,D,R,S,S,G,G,G
G,Y,G,G,D,R,G,G,G,Y,G
G,Y,G,G,D,R,G,G,G,Y,G
G,Y,G,G,D,R,G,G,Y,G,G
G,G,D,R,S,R,G,G,Y,G,G
G,Y,G,G,D,R,G,G,G,S,G
G,Y,G,G,D,R,G,G,G,Y,G
G,Y,G,G,D,R,G,G,Y,G,G
A,Q,A,A,P,R,I,I,T,G,P
P,P,A,A,L,R,T,P,T,P,A
I,M,P,L,I,R,Q,I,Q,T,A
F,T,L,Q,I,R,G,R,E,R,F
L,Q,I,R,G,R,E,R,F,E,M
I,R,G,R,E,R,F,E,M,F,R
G,P,G,I,G,R,A,A,G,R,G
G,R,A,A,G,R,G,I,P,A,G
M,T,P,Q,G,R,G,T,V,A,A
P,P,G,G,N,R,G,G,F,Q,N
G,G,F,Q,N,R,G,G,G,S,G
G,G,G,N,Y,R,G,G,F,N,R
G,Y,S,Q,N,R,W,G,N,N,N
T,D,D,S,L,R,E,H,F,E,K
Q,T,K,R,S,R,G,F,G,F,V
S,A,G,S,Q,R,G,R,G,G,G
G,S,Q,R,G,R,G,G,G,S,G
G,N,F,M,G,R,G,G,N,F,G
G,G,N,F,G,R,G,G,N,F,G
G,N,F,G,G,R,G,G,Y,G,G
G,S,F,G,G,R,S,S,G,S,P
T,E,K,R,G,R,G,R,P,R,K
T,P,K,R,P,R,G,R,P,K,G
K,R,P,R,G,R,P,K,G,S,K
N,N,D,G,G,R,G,G,S,R,G
G,R,G,G,S,R,G,F,G,G,R
R,G,F,G,G,R,G,G,G,R,G
G,R,G,G,G,R,G,G,N,R,G
G,R,G,G,N,R,G,F,G,G,R
R,G,F,G,G,R,G,G,A,R,G
G,R,G,G,A,R,G,G,R,G,G
G,A,R,G,G,R,G,G,F,R,P
G,R,G,G,F,R,P,S,G,S,G
P,A,Y,E,P,R,S,P,G,G,Y
S,P,S,S,P,R,Y,T,P,Q,S
X,X,M,S,G,R,G,K,G,G,K
E,T,Q,R,S,R,G,F,G,F,I
G,R,S,Y,S,R,G,G,G,D,Q
R,Y,Y,D,S,R,P,G,G,Y,G
G,Y,G,Y,G,R,S,R,D,Y,N
A,S,S,S,Q,R,G,R,S,G,S
N,F,G,G,G,R,G,G,G,F,G
N,D,N,F,G,R,G,G,N,F,S
G,N,F,S,G,R,G,G,F,G,G
G,F,G,G,S,R,G,G,G,G,Y
G,N,F,G,G,R,S,S,G,P,Y
Y,F,A,K,P,R,N,Q,G,G,Y
S,Y,G,S,G,R,R,F,X,X,X
A,T,L,A,S,R,S,L,S,H,W
Y,G,K,A,S,R,G,G,G,N,H
R,S,S,R,S,R,S,A,S,R,S
E,R,N,H,P,R,V,Y,Q,N,R
W,G,Q,Y,N,R,G,G,Y,G,N
G,Y,G,N,Y,R,S,N,W,Q,N
F,R,P,G,S,R,G,G,S,R,G
S,R,G,G,S,R,G,G,S,R,G
S,R,G,G,S,R,G,G,F,G,G
G,G,F,G,G,R,G,G,S,R,G
G,R,G,G,S,R,G,G,A,R,G
S,R,G,G,A,R,G,G,S,R,G
A,R,G,G,S,R,G,G,F,G,G
S,R,G,G,A,R,G,G,S,R,G
A,R,G,G,S,R,G,G,F,G,G
G,G,F,G,G,R,G,G,S,R,G
G,R,G,G,S,R,G,G,A,R,G
S,R,G,G,A,R,G,G,S,R,G
A,R,G,G,S,R,G,G,R,G,G
G,S,R,G,G,R,G,G,A,A,G
A,A,G,G,A,R,G,G,A,K,V
P,L,P,A,E,R,V,T,L,A,D
Q,S,S,A,S,R,L,M,R,R,H
G,Q,S,N,E,R,G,D,G,G,I
W,D,P,S,P,R,G,C,F,T,L
T,R,S,S,L,R,G,P,R,E,R
E,L,T,A,S,R,Q,S,F,R,M
Q,D,R,G,G,R,G,R,G,G,S
R,G,G,R,G,R,G,G,S,G,G
G,G,Y,E,P,R,G,R,G,G,G
Y,E,P,R,G,R,G,G,G,R,G
G,R,G,G,G,R,G,G,R,G,G
G,G,R,G,G,R,G,G,M,G,G
M,G,G,S,D,R,G,G,F,N,K
R,A,D,F,N,R,G,G,G,N,G
G,G,G,N,G,R,G,G,R,G,R
N,G,R,G,G,R,G,R,G,G,P
R,G,G,R,G,R,G,G,P,M,G
G,G,P,M,G,R,G,G,Y,G,G
S,G,G,G,G,R,G,G,F,P,S
Y,G,D,D,R,R,G,G,R,G,G
D,R,R,G,G,R,G,G,Y,D,R
R,G,G,Y,D,R,G,G,Y,R,G
D,R,G,G,Y,R,G,R,G,G,D
G,G,Y,R,G,R,G,G,D,R,G
G,R,G,G,D,R,G,G,F,R,G
D,R,G,G,F,R,G,G,R,G,G
G,F,R,G,G,R,G,G,G,D,R
R,G,G,G,D,R,G,G,F,G,P
A,G,A,G,P,R,G,G,R,S,P
S,S,G,K,G,R,G,A,K,R,K
S,L,G,T,A,R,P,P,P,S,M
A,G,L,A,A,R,M,S,Q,V,P
L,V,V,G,P,R,S,A,H,G,T
N,L,T,S,P,R,V,P,L,S,A
R,D,N,R,L,R,G,P,G,G,P
G,P,G,G,P,R,G,G,L,G,G
M,R,G,P,P,R,G,G,M,V,Q
G,F,G,V,G,R,G,L,A,P,R
R,G,L,A,P,R,Q,X,X,X,X
S,Q,P,G,P,R,L,P,F,I,Q
H,S,Q,N,P,R,F,Y,H,K,X
R,G,Q,G,G,R,G,R,G,G,G
E,P,S,P,F,R,G,R,S,R,S
S,P,F,R,G,R,S,R,S,A,P
D,R,N,L,G,R,G,S,S,A,P
T,P,L,G,P,R,V,A,A,P,V
G,A,P,V,P,R,P,R,G,P,P
P,V,P,R,P,R,G,P,P,P,P
H,W,C,F,K,R,K,Y,L,Q,G
Y,L,Q,G,K,R,G,I,E,K,P
G,G,W,F,G,R,G,C,T,K,R
I,R,K,D,R,R,G,G,R,M,L
T,K,Q,T,A,R,K,S,T,G,G
G,G,K,A,P,R,K,Q,L,A,T
P,G,Q,M,Q,R,G,G,F,R,G
G,R,G,G,F,R,G,R,G,G,F
G,G,F,R,G,R,G,G,F,R,G
G,R,G,G,F,R,G,G,F,R,G
F,R,G,G,F,R,G,G,Y,R,G
F,R,G,G,Y,R,G,G,F,R,G
Y,R,G,G,F,R,G,R,G,N,F
G,G,F,R,G,R,G,N,F,R,G
G,R,G,N,F,R,G,R,G,G,A
G,N,F,R,G,R,G,G,A,R,G
G,R,G,G,A,R,G,G,F,N,G
H,H,Q,A,Q,R,F,R,F,S,P
G,G,Y,N,R,R,G,N,M,P,Q
G,N,M,P,Q,R,G,G,G,G,G
G,Y,P,Y,P,R,A,P,V,F,P
P,V,F,P,G,R,G,S,Y,S,N
S,S,S,A,T,R,G,R,G,S,S
S,A,T,R,G,R,G,S,S,V,G
G,S,G,Y,R,R,G,G,S,S,Y
L,Q,L,L,C,R,A,D,A,G,P
L,C,A,A,C,R,M,A,A,G,P
I,T,Q,D,L,R,N,H,L,V,H
A,L,K,D,R,R,M,E,N,L,V
Q,A,G,V,Q,R,A,G,L,P,Q
T,K,Q,T,A,R,K,S,T,G,G
G,G,K,A,P,R,K,Q,L,A,T
A,Q,Q,Q,K,R,G,G,F,G,G
G,G,F,G,G,R,N,R,G,R,P
A,G,P,A,G,R,G,L,V,F,R
L,V,S,M,F,R,G,M,G,L,D
L,D,T,A,F,R,P,P,S,K,R
V,P,P,L,G,R,G,V,L,G,R
R,G,V,L,G,R,G,L,S,A,N
S,R,M,L,G,R,G,S,S,E,V
L,L,P,L,G,R,A,A,S,S,I
A,S,S,I,G,R,G,M,D,K,P
S,N,E,L,T,R,W,G,L,S,L
A,R,G,R,A,R,G,Q,E,T,V
G,D,L,V,G,R,G,R,Q,R,G
G,R,G,R,Q,R,G,M,V,V,G
Q,P,K,R,R,R,G,P,G,G,T
T,K,Q,T,A,R,K,S,T,G,G
G,G,K,A,P,R,K,Q,L,A,T
H,A,R,R,S,R,G,G,A,G,G
G,G,S,Y,Y,R,G,G,N,A,S
P,R,F,H,S,R,G,L,G,R,G
G,L,G,R,G,R,G,N,Y,R,G
G,R,G,N,Y,R,G,N,R,G,N
R,G,N,R,G,R,G,G,Q,R,G
G,R,G,G,Q,R,G,N,Y,Q,N
Y,L,F,G,E,R,L,L,E,C,H
P,T,F,L,E,R,R,K,S,Q,V
T,F,L,E,R,R,K,S,Q,V,A
T,P,T,H,S,R,K,K,R,R,R
Q,R,F,T,Q,R,G,G,G,A,V
N,R,R,G,G,R,G,G,N,R,G
Q,Y,P,P,G,R,G,T,P,P,P
L,K,I,Q,N,R,Q,A,A,A,S
A,A,F,S,G,R,G,A,Q,V,R
I,G,L,L,H,R,G,T,E,K,L
S,Q,G,K,G,R,G,L,S,L,S
I,S,T,T,D,R,G,F,P,R,A
G,F,P,R,A,R,Y,R,A,R,T
R,G,G,F,G,R,G,R,G,Q,P
G,F,G,R,G,R,G,Q,P,P,Q
G,Y,N,G,G,R,G,G,G,S,F
F,S,N,N,R,R,G,G,Y,G,N
R,S,N,S,R,R,G,G,F,G,R
R,D,N,S,F,R,G,G,S,G,W
N,G,R,G,G,R,G,G,Y,N,R
Q,Q,W,G,S,R,G,G,F,A,G
G,G,F,A,G,R,A,R,G,R,G
F,A,G,R,A,R,G,R,G,G,G
G,R,A,R,G,R,G,G,G,P,S
G,K,V,S,R,R,G,G,H,Q,N
F,M,A,K,K,R,I,A,V,I,G
X,X,M,S,G,R,G,K,Q,G,G
G,H,G,V,P,R,L,P,P,G,R
A,S,E,A,S,R,L,A,H,Y,S
A,H,Y,S,K,R,S,T,I,S,S
S,T,I,S,S,R,E,I,Q,T,A
G,P,G,I,G,R,A,A,G,R,G
G,R,A,A,G,R,G,I,P,A,G
X,X,M,S,G,R,G,N,L,L,S
N,I,S,V,G,R,G,R,A,R,L
S,V,G,R,G,R,A,R,L,I,D
G,Q,D,P,Y,R,L,G,H,D,P
P,W,N,S,V,R,V,T,F,N,I
F,Y,P,A,G,R,A,R,G,I,P
P,A,G,R,A,R,G,I,P,H,R
R,G,I,P,H,R,F,A,G,H,E
P,T,H,R,R,R,G,S,F,S,S
V,R,E,G,P,R,G,G,V,R,C
T,N,Y,K,S,R,G,G,D,F,R
Q,G,G,N,Y,R,G,G,F,G,G
R,Y,G,G,G,R,G,G,R,G,G
G,G,R,G,G,R,G,G,Y,G,R
G,G,Y,G,R,R,G,G,Y,G,G
G,Y,G,G,G,R,G,G,Y,G,G
A,T,G,K,L,R,K,L,E,K,I
E,K,R,I,P,R,E,E,M,L,Q
A,A,T,A,L,R,K,E,S,T,S
V,K,V,G,S,R,T,G,G,D,A
T,A,T,A,G,R,S,K,S,F,N
A,P,S,A,I,R,E,N,D,I,K
G,E,L,A,K,R,S,E,R,R,A
K,R,S,E,R,R,A,E,A,E,K
S,P,V,L,M,R,H,L,T,A,S
X,X,X,M,Q,R,L,V,A,W,D
G,Y,G,G,G,R,G,G,Y,G,G
X,X,M,S,G,R,G,K,Q,G,G
X,X,M,S,G,R,G,K,Q,G,G
X,X,M,S,G,R,G,K,Q,G,G
G,R,A,A,G,R,R,A,S,R,S
R,A,A,G,R,R,A,S,R,S,S
G,F,G,L,E,R,M,A,A,P,I
S,I,S,V,A,R,G,G,G,R,G
G,H,V,M,P,R,G,S,G,T,G
Q,G,N,L,Y,R,P,L,L,R,G
Y,R,P,L,L,R,G,Q,A,Q,I
Q,Q,R,F,D,R,G,V,G,A,E
L,L,P,W,N,R,M,L,Q,T,Q
X,X,M,S,G,R,G,K,Q,G,G
X,X,M,S,G,R,G,K,Q,G,G
I,F,M,V,G,R,G,Y,L,S,P
X,X,M,S,G,R,G,K,Q,G,G
H,S,P,A,R,R,F,G,G,P,V
H,H,Q,A,Q,R,F,R,F,S,P
X,X,M,S,G,R,G,K,Q,G,G
X,X,M,S,G,R,G,K,Q,G,G
R,G,M,R,S,R,G,R,G,G,F
M,R,S,R,G,R,G,G,F,T,S
C,Y,N,C,G,R,G,G,H,I,A
G,G,S,G,S,R,I,S,V,S,R
X,X,M,S,G,R,G,K,Q,G,G
P,T,P,A,P,R,T,M,P,P,T
X,X,M,S,G,R,G,K,Q,G,G
A,S,S,S,Q,R,G,R,S,G,S
N,F,G,G,G,R,G,G,G,F,G
N,D,N,F,G,R,G,G,N,F,S
G,F,G,G,S,R,G,G,G,G,Y
H,L,S,L,T,R,G,L,S,R,T
K,P,R,S,S,R,G,S,I,F,T
E,L,E,E,S,R,H,K,C,P,P
L,G,E,K,G,R,R,I,R,E,L
G,E,K,G,R,R,I,R,E,L,T
K,G,R,R,I,R,E,L,T,A,V
E,H,R,Q,L,R,Y,Q,Q,P,G
X,X,M,S,G,R,G,K,G,G,K
I,F,M,V,G,R,G,Y,A,S,P
X,X,M,S,G,R,G,K,Q,G,G
M,S,E,E,T,R,Q,S,K,L,A
A,K,K,K,L,R,E,Y,Q,Q,R
R,E,Y,Q,Q,R,N,S,P,G,V
X,X,M,S,G,R,G,K,Q,G,G
X,X,M,S,G,R,G,K,Q,G,G
X,X,M,S,G,R,G,K,Q,G,G
D,I,G,S,T,R,L,Q,A,Q,K
S,S,R,S,T,R,H,H,G,L,V
V,S,P,L,R,R,Y,P,R,H,I
L,R,R,Y,P,R,H,I,D,S,S
K,G,Q,L,F,R,L,P,S,A,L
P,S,A,L,N,R,T,S,S,D,S
V,K,G,V,Y,R,F,C,F,S,N
S,Q,P,G,P,R,L,P,F,I,Q
H,S,Q,N,P,R,F,Y,H,K,X
T,E,E,S,L,R,N,Y,Y,E,Q
S,S,R,S,G,R,G,G,N,F,G
G,F,G,D,S,R,G,G,G,G,N
P,G,S,N,F,R,G,G,S,D,G
G,Y,G,S,G,R,G,F,G,D,G
G,Y,G,G,G,R,G,G,Y,G,G
N,F,G,G,S,R,N,M,G,G,P
G,G,Y,G,G,R,S,R,Y,X,X
N,P,V,I,A,R,G,R,G,R,G
V,I,A,R,G,R,G,R,G,R,K
A,R,G,R,G,R,G,R,K,P,N
D,E,S,L,F,R,G,R,Q,I,K
I,S,T,T,D,R,G,F,P,R,A
D,R,G,F,P,R,A,R,Y,R,A
G,F,P,R,A,R,Y,R,A,R,T
A,R,Y,R,A,R,T,T,N,Y,N
N,Y,N,S,S,R,S,R,F,Y,S
N,S,S,R,S,R,F,Y,S,G,F
S,G,F,N,S,R,P,R,G,R,V
F,N,S,R,P,R,G,R,V,Y,R
S,R,P,R,G,R,V,Y,R,G,R
R,V,Y,R,G,R,A,R,A,T,S
Y,R,G,R,A,R,A,T,S,W,Y
X,X,M,S,G,R,G,K,G,G,K
N,S,P,G,H,R,A,G,L,E,P
S,I,S,G,S,R,L,N,K,D,N
G,Q,P,M,G,R,G,A,M,M,N
G,Q,G,M,G,R,G,S,R,P,Y
G,D,G,R,R,R,R,G,G,G,R
R,R,G,G,G,R,G,Q,G,G,R
R,G,Q,G,G,R,G,R,G,G,G
Q,G,G,R,G,R,G,G,G,F,K
A,Q,A,A,P,R,I,I,T,G,P
P,P,A,A,L,R,T,P,T,P,A
I,M,P,L,I,R,Q,I,Q,T,A
X,X,X,M,H,R,L,L,A,W,D
D,K,A,K,M,R,N,L,E,T,Q
A,D,D,Q,G,R,G,R,R,R,P
D,Q,G,R,G,R,R,R,P,L,N
Q,G,R,G,R,R,R,P,L,N,E
G,R,G,R,R,R,P,L,N,E,D
D,K,T,V,A,R,T,S,A,S,V
G,P,G,V,G,R,A,A,G,R,G
Q,Y,P,P,G,R,G,T,P,P,P
E,T,Q,R,S,R,G,F,G,F,I
G,R,S,Y,S,R,G,G,G,D,Q
G,R,Y,D,S,R,P,G,G,Y,G
G,Y,G,Y,G,R,S,R,D,Y,S
V,P,E,P,S,R,G,R,G,V,S
E,P,S,R,G,R,G,V,S,V,R
V,S,V,R,G,R,G,A,A,P,P
G,A,A,G,G,R,G,S,G,P,G
Y,G,S,G,G,R,G,N,R,N,R
R,G,N,R,N,R,G,N,R,G,S
R,N,R,G,N,R,G,S,G,G,G
G,K,S,Q,R,R,G,G,H,Q,N
Y,G,K,A,S,R,G,G,G,N,H
D,A,V,G,P,R,G,A,A,I,A
A,A,I,A,G,R,R,R,R,T,G
Q,R,R,V,N,R,G,G,G,P,R
G,P,R,R,N,R,P,A,I,A,R
R,P,A,I,A,R,G,G,R,N,R
I,A,R,G,G,R,N,R,P,A,P
A,Q,S,G,N,R,G,G,M,T,R
R,G,G,M,T,R,S,R,G,S,G
G,M,T,R,S,R,G,S,G,G,F
G,G,F,G,G,R,G,S,Q,G,R
R,G,S,Q,G,R,G,R,G,T,G
S,Q,G,R,G,R,G,T,G,R,N
G,S,Q,G,G,R,G,G,A,V,Q
A,Q,S,I,N,R,G,G,M,T,R
G,M,T,R,N,R,G,S,G,G,F
A,S,S,S,Q,R,G,R,S,G,S
S,Q,G,K,G,R,G,L,S,L,S
K,C,I,S,F,R,D,H,M,K,T
R,N,I,E,D,R,V,Q,E,E,A
P,Q,T,Q,N,R,A,A,Y,Y,P
S,S,Q,V,P,R,V,M,S,T,Q
Q,T,M,G,P,R,P,A,A,A,A
A,T,P,A,V,R,T,V,P,Q,Y
M,P,P,P,L,R,G,G,P,G,G
G,G,P,M,G,R,M,G,G,R,G
P,P,R,G,P,R,G,S,R,G,N
G,P,R,G,S,R,G,N,P,S,G
F,G,G,G,R,R,G,G,P,G,G
L,D,S,I,G,R,F,F,S,G,D
F,F,S,G,D,R,G,A,P,K,R
R,E,N,L,V,R,P,S,L,D,H
D,S,N,N,N,R,G,N,Y,N,R
T,S,A,P,G,R,G,S,H,G,P
F,S,L,Q,E,R,P,A,G,S,C
Y,G,R,K,K,R,R,Q,R,R,R
G,R,K,K,R,R,Q,R,R,R,P
X,X,X,M,Q,R,L,V,A,W,D
A,S,S,S,Q,R,G,R,S,G,S
N,F,G,G,G,R,G,G,G,F,G
N,D,N,F,G,R,G,G,N,F,S
G,N,F,S,G,R,G,G,F,G,G
G,F,G,G,S,R,G,G,G,G,Y
G,N,F,G,G,R,S,S,G,P,Y
Y,F,A,K,P,R,N,Q,G,G,Y
S,Q,G,K,G,R,G,L,S,L,S
S,R,S,L,C,R,G,G,G,G,S
G,G,G,G,G,R,F,S,G,G,G
S,G,S,S,S,R,G,G,G,S,G
S,S,G,S,H,R,G,G,S,G,G
S,S,G,G,G,R,G,G,S,S,S
Y,G,N,N,N,R,G,G,F,R,Q
D,R,F,R,S,R,G,G,G,G,G
P,K,P,P,H,R,G,G,G,E,P
G,G,G,E,P,R,G,G,R,Q,H
E,P,R,G,G,R,Q,H,H,A,P
G,G,Q,G,P,R,G,M,G,P,G
P,A,G,Y,G,R,G,R,E,E,Y
L,C,A,P,H,R,T,C,R,E,A
F,G,N,M,C,R,G,G,R,M,F
W,G,Q,Y,N,R,G,G,Y,G,N
G,Y,G,N,Y,R,S,N,W,Q,N
G,R,G,W,G,R,G,N,Y,S,G
K,E,D,I,S,R,D,T,E,G,M
R,L,A,R,V,R,G,G,T,A,T
G,P,G,G,P,R,G,G,P,S,G
M,R,G,P,P,R,G,G,M,V,Q
G,F,G,V,G,R,G,I,T,T,P
S,Y,A,A,E,R,S,M,M,S,S
M,M,S,Y,E,R,S,M,M,S,P
A,Y,M,K,K,R,E,E,E,M,R
R,E,E,E,M,R,D,T,N,E,S
F,G,N,M,C,R,G,G,R,M,F
Y,E,D,I,S,R,G,L,Q,G,T
G,F,R,L,P,R,G,W,S,V,E
R,K,T,G,K,R,F,R,S,L,V
T,G,K,R,F,R,S,L,V,S,V
N,I,L,G,P,R,V,P,L,T,A
Y,S,Y,H,S,R,Y,A,Q,P,G
S,L,A,Q,L,R,L,Q,H,I,Q
R,P,R,S,S,R,G,S,I,F,T
E,I,L,N,D,R,G,S,G,L,R
K,L,R,A,A,R,A,K,A,M,K
G,K,G,A,G,R,G,R,K,P,A
S,G,K,S,P,R,R,R,A,A,S
K,S,P,R,R,R,A,A,S,M,D
T,Y,V,T,Q,R,P,V,Y,L,G
P,P,K,M,A,R,Y,D,N,G,S
S,P,N,S,Y,R,G,N,Y,G,G
G,G,G,G,Y,R,G,G,S,Q,G
S,Q,G,G,Y,R,N,N,F,G,G
S,G,G,G,Y,R,G,S,G,G,F
G,G,F,Q,R,R,G,Y,G,G,G
Y,F,G,Q,G,R,G,G,G,G,G
X,X,V,G,G,R,G,R,G,R,G
V,G,G,R,G,R,G,R,G,T,A
G,R,G,R,G,R,G,T,A,A,A
K,N,R,G,G,R,E,E,V,L,E
K,A,Q,P,A,R,G,G,R,R,G
G,R,R,R,G,R,G,R,G,G,P
R,R,G,R,G,R,G,G,P,G,A
Y,G,R,K,K,R,R,Q,R,R,R
G,R,K,K,R,R,Q,R,R,R,A
N,F,R,N,Q,R,K,M,V,K,C
N,C,R,A,P,R,K,K,G,C,W
N,N,G,N,F,R,G,S,N,R,Y
G,S,N,R,Y,R,G,G,P,N,G
G,G,H,N,N,R,G,N,R,G,G
N,N,R,G,N,R,G,G,Y,R,G
N,R,G,G,Y,R,G,G,S,S,Y
I,R,N,N,G,R,G,N,Y,N,S
M,N,G,G,S,R,G,R,G,F,G
G,S,R,G,G,R,G,S,S,G,N
G,F,C,Q,S,R,G,P,G,G,G
G,I,G,G,G,R,G,F,G,G,G
G,G,T,G,S,R,G,G,G,G,G
Y,V,S,S,S,R,S,A,T,K,Y
S,R,T,N,A,R,G,A,P,L,N
Q,S,G,K,K,R,G,F,G,F,V
G,S,W,G,G,R,S,N,S,G,P
N,S,G,P,Y,R,G,G,Y,G,G
G,N,F,M,G,R,G,G,N,F,G
G,G,N,F,G,R,G,G,N,F,G
G,G,G,G,S,R,G,S,Y,G,G
Y,G,R,R,K,R,K,Q,R,R,R
Y,G,R,K,K,R,K,H,R,R,G
Y,G,R,K,K,R,R,Q,R,R,R
G,R,K,K,R,R,Q,R,R,R,P
Y,G,R,K,K,R,R,Q,R,R,R
G,R,K,K,R,R,Q,R,R,R,P
Y,G,R,K,K,R,R,Q,R,R,R
G,R,K,K,R,R,Q,R,R,R,A
Y,G,R,K,K,R,R,Q,R,R,G
G,R,K,K,R,R,Q,R,R,G,P
Y,G,R,K,K,R,R,Q,R,R,R
G,R,K,K,R,R,Q,R,R,R,P
Y,G,R,E,K,R,R,Q,R,T,T
G,R,E,K,R,R,Q,R,T,T,T
Y,G,R,K,K,R,R,Q,R,R,R
G,R,K,K,R,R,Q,R,R,R,A
Y,G,R,K,K,R,R,Q,R,R,R
G,R,K,K,R,R,Q,R,R,R,A
Y,G,K,K,K,R,K,P,R,R,G
Y,G,R,K,K,R,R,Q,R,R,R
G,R,K,K,R,R,Q,R,R,R,P
Y,G,R,K,K,R,S,Q,R,R,R
Y,G,R,K,K,R,R,Q,R,R,G
G,R,K,K,R,R,Q,R,R,G,T
Y,G,R,K,K,R,R,Q,R,R,S
G,R,K,K,R,R,Q,R,R,S,A
Y,G,R,K,K,R,R,Q,R,R,R
G,R,K,K,R,R,Q,R,R,R,A
Y,G,R,K,K,R,R,Q,R,R,R
G,R,K,K,R,R,Q,R,R,R,T
Y,G,R,K,K,R,R,Q,R,R,R
G,R,K,K,R,R,Q,R,R,R,P
Y,G,R,K,K,R,R,P,R,R,G
G,R,K,K,R,R,P,R,R,G,T
Y,G,R,K,K,R,R,Q,R,P,R
G,R,K,K,R,R,Q,R,P,R,T
Y,G,R,K,K,R,R,Q,R,R,R
G,R,K,K,R,R,Q,R,R,R,A
Y,G,R,K,K,R,T,T,R,R,R
Y,G,R,K,K,R,R,Q,R,R,K
G,R,K,K,R,R,Q,R,R,K,P
Y,G,R,K,K,R,S,Q,R,H,R
Y,G,R,K,K,R,S,Q,R,R,R
Y,G,R,K,K,R,R,Q,R,R,G
G,R,K,K,R,R,Q,R,R,G,P
Y,G,R,K,K,R,R,Q,R,R,R
G,R,K,K,R,R,Q,R,R,R,A
Y,G,R,K,K,R,R,Q,R,R,R
G,R,K,K,R,R,Q,R,R,R,T
Y,G,R,K,K,R,G,R,P,A,A
H,G,R,K,K,R,R,R,P,A,A
G,R,K,K,R,R,R,P,A,A,A
N,G,R,K,K,R,R,P,R,R,T
G,R,K,K,R,R,P,R,R,T,T
Y,G,R,K,K,R,R,Q,R,Q,R
G,R,K,K,R,R,Q,R,Q,R,A
Y,G,R,K,K,R,R,Q,R,R,R
G,R,K,K,R,R,Q,R,R,R,P
Y,G,R,K,K,R,S,Q,R,R,R
Y,G,R,K,K,R,R,Q,R,H,R
G,R,K,K,R,R,Q,R,H,R,T
Y,G,R,K,K,R,R,Q,R,R,S
G,R,K,K,R,R,Q,R,R,S,A
Y,G,R,K,K,R,R,Q,R,R,R
G,R,K,K,R,R,Q,R,R,R,A
Y,G,R,K,K,R,R,Q,R,R,R
G,R,K,K,R,R,Q,R,R,R,P
Y,G,R,K,K,R,R,Q,R,R,S
G,R,K,K,R,R,Q,R,R,S,A
Y,G,R,K,K,R,R,Q,R,R,R
G,R,K,K,R,R,Q,R,R,R,P
M,Q,A,K,G,R,G,L,S,L,T
S,Q,G,K,G,R,G,T,V,L,S
Q,P,K,A,P,R,F,P,S,N,I
R,V,A,R,G,R,G,L,P,G,P
A,L,P,S,T,R,A,R,Q,S,F
V,Q,F,A,G,R,G,S,S,E,E
F,E,R,M,R,R,G,A,Y,G,G
Y,Y,A,I,T,R,G,R,R,Y,Y
P,Q,G,P,Y,R,Y,P,T,P,D
S,G,P,P,M,R,L,V,E,P,V
H,L,S,G,V,R,Y,P,P,E,L
R,M,S,E,G,R,G,L,P,P,P
G,H,M,M,N,R,G,G,M,S,G
G,G,M,S,G,R,G,S,F,A,P
P,G,G,A,S,R,G,H,P,I,P
V,I,L,A,G,R,P,L,P,E,R
R,P,L,P,E,R,R,W,L,K,A
P,L,P,E,R,R,W,L,K,A,G
K,H,E,D,K,R,G,G,S,G,S
F,G,D,L,G,R,P,G,R,G,G
L,G,R,P,G,R,G,G,R,G,G
P,G,R,G,G,R,G,G,R,G,G
G,G,G,R,S,R,G,A,G,S,A
F,F,Q,S,P,R,G,G,T,G,G
D,F,D,L,A,R,A,D,F,Q,K
P,P,P,P,P,R,G,G,D,L,M
G,R,S,L,P,R,G,A,L,G,P
C,G,L,P,R,R,G,A,S,Q,A
F,P,L,T,G,R,G,E,V,W,G
P,A,G,G,G,R,G,G,G,H,E
P,T,A,A,G,R,G,R,G,R,G
A,P,V,G,S,R,G,R,G,T,P
T,V,A,A,A,R,G,I,K,R,K
L,A,S,Q,Y,R,A,M,M,P,P
F,Q,Q,Y,P,R,M,T,Y,P,P
L,H,G,P,M,R,F,P,P,S,L
T,N,K,G,L,R,G,R,G,P,P
K,G,L,R,G,R,G,P,P,P,S
P,G,G,F,G,R,G,S,Q,G,G
A,V,A,P,Q,R,A,P,I,L,R
R,A,P,I,L,R,P,A,F,V,P
P,H,V,L,Q,R,A,D,S,A,L
A,A,A,G,P,R,P,M,A,L,R
K,N,Q,F,N,R,G,G,G,H,R
G,R,A,T,Y,R,G,G,L,E,G
Q,G,S,V,P,R,G,G,P,S,A
A,R,P,G,S,R,G,C,P,I,G
G,G,F,N,M,R,G,G,N,F,R
R,G,G,N,F,R,G,G,A,P,G
G,A,P,G,N,R,G,G,Y,N,R
G,G,Y,N,R,R,G,N,M,P,Q
G,N,M,P,Q,R,G,G,G,G,G
P,V,F,P,G,R,G,G,Y,S,N
S,Q,G,K,G,R,G,L,S,L,S
R,P,I,R,G,R,G,G,L,G,R
D,G,F,D,S,R,G,K,R,E,F
K,H,E,D,K,R,G,G,S,G,S
F,G,D,L,G,R,P,G,R,G,G
L,G,R,P,G,R,G,G,R,G,G
P,G,R,G,G,R,G,G,R,G,G
P,T,T,S,I,R,F,T,L,P,P
L,R,M,Q,P,R,P,G,L,R,P
P,R,P,G,L,R,P,T,G,L,V
Q,P,N,Q,L,R,L,Q,L,Q,H
L,Q,L,Q,H,R,L,Q,A,Q,Q
Q,A,Q,Q,N,R,Q,P,L,M,N
V,N,L,T,L,R,P,G,V,P,T
L,A,Q,R,Q,R,E,I,L,N,Q
Q,Q,V,Q,Q,R,T,L,M,M,R
R,T,L,M,M,R,G,Q,G,L,N
A,S,A,Y,P,R,H,F,G,P,V
P,P,S,Q,G,R,G,R,G,F,A
S,Q,G,R,G,R,G,F,A,G,V
V,G,G,P,A,R,G,R,P,R,G
A,R,G,R,P,R,G,V,I,S,T
Y,S,S,L,D,R,A,P,S,P,R
R,A,P,S,P,R,P,R,A,F,D
P,S,P,R,P,R,A,F,D,G,A
R,A,P,S,P,R,P,G,I,G,P
G,I,G,P,V,R,Q,P,G,P,S
R,G,P,S,P,R,P,P,A,A,A
E,N,G,V,L,R,P,E,P,T,K
V,P,N,L,P,R,A,G,L,P,P
S,A,A,P,A,R,P,G,P,A,A
I,P,G,Q,G,R,S,T,Y,V,V
T,R,G,P,P,R,G,G,P,G,G
G,G,E,L,P,R,G,P,A,G,L
G,S,D,K,R,R,G,G,P,P,G
A,G,V,F,P,R,G,T,G,S,G
P,G,T,F,Q,R,S,A,G,L,Q
E,L,L,K,C,R,Q,P,V,P,P
A,S,S,G,P,R,L,V,F,N,R
R,P,I,G,G,R,G,G,Y,Y,G
Y,Y,G,A,G,R,G,S,M,Y,D
R,M,R,D,G,R,G,M,G,G,H
M,G,G,Y,G,R,D,G,M,D,N
L,G,G,Y,G,R,G,G,G,G,S
S,G,G,G,W,R,G,M,Y,X,X
G,A,T,V,T,R,G,V,P,P,P
L,S,H,L,N,R,F,P,A,R,G
I,Y,E,E,V,R,A,V,L,K,S
G,G,R,G,R,R,G,R,G,R,G
R,G,R,R,G,R,G,R,G,S,P
R,R,G,R,G,R,G,S,P,H,L
L,Y,A,G,Q,R,L,P,Q,H,G
A,Q,P,L,P,R,Q,G,V,K,R
Q,G,N,N,Y,R,P,L,L,R,G
L,F,Q,Q,H,R,F,E,R,S,V
Q,H,R,F,E,R,S,V,G,A,E
L,L,P,W,N,R,M,I,Q,N,Q
P,P,P,S,G,R,Y,S,W,N,X
V,S,G,E,P,R,F,P,S,H,L
K,V,T,L,T,R,G,G,L,Q,Q
I,P,P,A,P,R,G,V,P,Q,I
D,R,N,R,R,R,G,G,G,A,A
T,N,Y,V,K,R,G,S,W,S,T
K,R,G,S,Y,R,G,G,S,I,S
P,G,Q,P,Q,R,M,M,G,P,L
L,S,Q,A,S,R,Y,I,G,P,Q
F,D,R,R,S,R,V,L,P,H,P
N,Q,P,S,V,R,R,G,Y,R,R
P,K,P,K,S,R,S,P,T,P,P
K,A,Q,L,A,R,Q,Q,S,P,S
S,P,S,P,I,R,H,S,P,S,P
P,V,R,H,V,R,A,P,T,P,S
T,P,S,P,V,R,S,V,S,P,A
P,P,G,G,N,R,G,G,F,Q,N
G,G,F,Q,N,R,G,G,G,G,G
G,G,G,N,Y,R,G,G,F,N,R
R,G,G,F,N,R,S,G,G,G,G
N,L,A,Q,L,R,L,Q,H,M,Q
Q,L,Q,Q,M,R,M,Q,Q,P,P
V,Q,T,M,Q,R,G,N,M,N,C
Q,A,H,Q,M,R,L,A,Q,N,A
A,Q,N,A,A,R,I,P,G,I,P
I,P,G,I,P,R,H,S,G,P,Q
P,Y,G,A,G,R,G,N,Y,D,A
N,Y,D,A,F,R,G,Q,G,G,Y
Y,P,G,K,P,R,N,R,M,V,R
S,A,G,G,Q,R,G,G,F,G,S
S,G,G,M,S,R,G,R,G,R,R
G,M,S,R,G,R,G,R,R,D,N
G,A,G,V,A,R,G,G,A,G,G
N,P,G,E,L,R,M,A,Q,Q,Q
Q,Q,Q,A,L,R,F,R,G,P,A
Q,A,L,R,F,R,G,P,A,P,P
P,N,A,V,M,R,G,P,P,P,L
P,P,P,L,M,R,P,P,P,P,F
L,K,I,L,I,R,P,L,Y,S,N
S,F,G,G,G,R,G,S,R,G,S
G,G,R,G,S,R,G,S,A,G,G
G,G,P,D,D,R,G,M,G,G,S
D,F,L,G,G,R,G,G,S,R,P
R,P,G,D,R,R,A,G,P,P,M
N,Q,W,H,G,R,S,W,G,N,N
P,H,F,Y,L,R,C,L,G,K,N
K,Q,C,T,F,R,F,P,S,T,A
L,T,A,N,L,R,L,P,M,A,S
Y,L,G,G,P,R,G,V,A,P,S
Q,F,G,G,Q,R,R,P,L,L,S
F,G,G,Q,R,R,P,L,L,S,Q
V,H,S,P,P,R,F,T,N,Q,R
R,F,T,N,Q,R,A,P,A,P,L
Q,F,G,G,L,R,G,S,A,P,F
E,Q,T,P,S,R,F,H,F,Q,G
M,K,P,G,P,R,P,L,L,E,L
F,E,R,M,R,R,G,A,Y,G,G
R,V,S,A,G,R,G,S,M,S,S
V,S,P,R,A,R,F,P,I,S,I
Q,L,E,V,G,R,P,Q,A,P,L
C,G,Q,V,L,R,G,G,V,I,Q
R,S,K,S,S,R,F,S,G,G,F
S,F,S,S,S,R,A,S,S,S,R
G,H,G,S,S,R,G,F,G,G,G
R,A,E,K,R,R,W,S,R,D,L
G,D,D,D,V,R,T,D,L,K,Q
P,A,N,G,F,R,G,G,Y,D,G
G,Y,D,G,Y,R,P,S,F,S,N
P,P,R,P,N,R,G,M,P,Q,M
G,G,F,G,G,R,G,G,G,R,G
G,R,G,G,G,R,G,G,F,G,G
G,G,F,G,G,R,G,G,G,R,G
G,R,G,G,G,R,G,G,G,R,G
G,R,G,G,G,R,G,G,F,G,G
G,G,F,G,G,R,G,R,G,G,F
F,G,G,R,G,R,G,G,F,G,G
G,G,F,G,G,R,G,G,F,R,G
G,R,G,G,F,R,G,G,R,G,G
G,F,R,G,G,R,G,G,G,G,G
P,Y,G,C,G,R,S,Q,P,R,M
R,G,P,P,P,R,G,G,M,A,Q
K,L,G,S,G,R,G,T,G,Q,M
M,G,L,N,P,R,G,M,Q,G,P
L,G,D,G,P,R,A,P,F,N,Q
G,S,N,W,G,R,G,S,N,M,N
T,M,H,V,G,R,G,G,D,V,F
H,S,G,I,A,R,S,P,H,P,S
P,H,T,A,I,R,Y,P,P,H,L
P,P,G,L,P,R,L,A,L,P,P
M,P,P,P,T,R,G,R,G,R,G
F,Q,V,G,A,R,G,R,G,G,R
G,A,A,P,S,R,G,R,G,A,A
G,A,A,P,P,R,G,R,A,G,Y
A,G,Y,S,Q,R,G,G,P,G,S
S,A,R,G,V,R,G,A,R,G,G
G,V,R,G,A,R,G,G,A,Q,Q
P,W,Q,A,N,R,P,T,A,P,G
P,L,Q,A,A,R,G,T,I,Q,S
S,S,P,Q,N,R,F,P,C,Q,P
C,S,T,P,S,R,T,S,S,G,L
S,G,L,F,P,R,I,P,L,Q,P
R,Q,S,V,G,R,G,L,Q,L,T
S,V,S,P,D,R,G,S,T,P,T
T,A,V,S,G,R,G,L,A,K,H
Q,T,A,P,Y,R,G,G,P,R,G
Y,R,G,G,P,R,G,R,P,R,E
E,A,K,F,A,R,Y,N,L,P,N
V,T,P,L,A,R,R,D,I,L,I
S,F,T,D,L,R,H,P,T,D,L
H,R,Y,G,P,R,G,D,A,V,G
P,M,I,A,P,R,V,P,L,G,P
P,A,G,L,Y,R,Y,P,A,P,R
R,Y,P,A,P,R,F,P,I,A,S
S,M,A,H,G,R,A,R,P,P,M
S,Q,P,T,T,R,G,T,A,P,A
P,P,G,P,Q,R,Y,P,I,G,I
P,P,P,L,V,R,G,G,Q,Q,V
M,P,P,L,V,R,G,A,Q,I,H
S,A,T,A,P,R,G,V,L,H,T
S,E,V,S,G,R,G,V,Q,L,F
P,S,I,F,N,R,S,A,R,P,F
F,N,R,S,A,R,P,F,T,P,G
G,L,Q,G,Q,R,S,G,T,T,S
P,R,L,Q,G,R,G,G,E,L,F
Y,S,P,N,I,R,A,P,P,P,I
F,P,Q,A,A,R,T,L,P,N,K
V,Q,E,I,R,R,F,S,T,P,A
T,V,L,V,P,R,A,A,T,T,L
D,E,P,I,W,R,A,E,L,A,S
G,F,Q,V,A,R,P,R,F,S,A
Q,V,A,R,P,R,F,S,A,T,R
I,S,Q,L,F,R,G,S,G,A,G
T,T,S,G,I,R,A,T,L,T,P
T,V,L,A,P,R,L,P,Q,P,P
R,G,T,P,G,R,G,S,S,P,S
R,S,P,L,W,R,G,G,G,V,A
F,D,D,R,G,R,G,D,Y,D,G
D,G,I,G,G,R,G,D,R,S,G
G,H,G,G,S,R,G,F,G,G,G
R,D,R,Y,Y,R,N,Y,Y,G,Y
G,Y,Q,G,Y,R,X,X,X,X,X
G,G,G,P,L,R,F,E,G,P,Q
G,G,C,P,L,R,F,E,G,P,P
V,G,T,P,L,R,F,E,G,P,I
S,G,A,A,I,R,F,D,G,P,H
P,G,G,G,I,R,F,E,G,P,L
Q,G,V,G,M,R,F,E,G,P,H
L,G,G,N,L,R,F,E,G,P,H
P,G,V,G,I,R,F,E,G,P,L
Q,G,G,G,M,R,F,E,G,P,S
D,G,V,P,Q,R,F,D,G,P,Q
H,Q,Q,A,S,R,F,D,I,P,L
G,G,G,G,F,R,G,F,S,S,G
R,H,G,G,G,R,G,G,S,G,G
G,S,Y,G,G,R,G,G,G,G,G
S,G,G,G,S,R,G,G,S,G,G
R,E,G,H,G,R,G,R,G,R,P
G,H,G,R,G,R,G,R,P,E,V
G,R,G,R,G,R,P,E,V,I,Q
L,C,A,L,G,R,G,I,P,I,L
P,F,N,L,L,R,M,T,G,P,I
F,S,P,P,P,R,H,H,L,D,P
S,R,F,A,P,R,G,A,P,H,F
G,A,P,H,F,R,F,I,I,A,G
S,V,T,D,S,R,P,L,N,P,S
T,L,P,A,Q,R,A,A,S,P,Y
I,P,P,A,P,R,G,V,P,Q,I
S,A,T,L,N,R,L,T,V,P,R
R,L,T,V,P,R,Y,S,I,P,T
R,E,E,L,L,R,H,Q,L,L,E
T,P,S,P,M,R,F,T,F,P,Q
L,A,M,S,A,R,F,P,S,T,P
Q,L,Q,Q,Q,R,M,Q,L,A,Q
T,V,G,Q,L,R,A,Q,L,Q,G
P,L,V,T,M,R,P,A,S,Q,A
L,P,A,G,V,R,M,V,V,P,T
L,S,S,K,V,R,L,S,S,P,S
Q,T,Y,G,A,R,G,K,G,R,T
S,E,V,I,G,R,G,G,P,R,K
Q,G,T,R,G,R,G,S,G,A,P
G,S,L,G,S,R,G,R,R,R,K
L,T,P,S,P,R,G,G,P,F,N
S,L,R,G,W,R,G,G,G,P,S
F,Q,L,P,P,R,A,A,S,A,A
M,Y,V,P,A,R,S,G,R,G,R
N,E,A,R,R,R,S,T,L,F,L
R,E,L,G,Y,R,A,G,L,G,S
A,L,P,W,A,R,G,G,S,G,G
V,S,P,A,P,R,P,S,S,L,P
G,L,F,D,I,R,S,S,P,T,G
L,S,G,A,S,R,S,L,S,P,T
D,A,S,P,G,R,G,S,H,S,Q
G,P,G,P,Q,R,Q,G,P,P,L
Q,G,R,Q,S,R,P,V,A,G,G
A,P,P,A,A,R,P,P,A,S,P
S,P,S,P,Q,R,Q,A,G,A,P
T,T,Q,Q,P,R,P,S,G,P,G
E,P,A,P,P,R,P,S,L,S,Q
N,Q,P,S,A,R,R,G,F,R,R
N,F,R,N,Q,R,K,M,V,K,C
N,C,R,A,P,R,K,K,G,C,W
G,A,L,A,H,R,L,P,T,T,G
P,H,F,Y,L,R,C,L,G,K,N
M,G,E,C,T,R,G,G,F,C,N
Q,L,Q,Q,Q,R,M,Q,L,A,Q
H,P,G,S,P,R,G,S,L,S,R
S,I,P,N,Q,R,M,P,T,M,P
P,M,L,D,I,R,P,G,L,I,P
Q,A,P,G,P,R,F,P,L,I,Q
R,E,N,L,V,R,P,G,I,D,H
L,K,T,K,P,R,F,D,F,A,N
S,G,L,P,N,R,L,P,P,G,A
G,F,P,A,P,R,I,G,P,Q,P
N,G,Q,G,L,R,A,T,R,P,S
F,P,R,S,G,R,G,T,G,R,G
G,R,G,T,G,R,G,G,G,G,G
G,G,G,A,P,R,G,R,Y,G,P
G,A,P,R,G,R,Y,G,P,P,S
T,W,D,L,L,R,L,P,L,D,R
S,Q,T,P,Q,R,Y,P,M,T,M
V,A,M,G,P,R,Q,H,Y,P,Y
K,P,V,H,V,R,P,P,M,P,P
P,P,M,P,P,R,Y,P,A,P,Y
L,S,P,L,Q,R,A,Q,L,L,G
P,S,Q,F,A,R,V,P,G,F,V
S,M,W,G,P,R,A,V,Q,V,P
P,A,G,V,G,R,G,G,G,V,A
V,Q,R,S,M,R,G,G,Y,I,G
T,E,K,R,G,R,G,R,P,R,K
T,P,K,R,P,R,G,R,P,K,G
K,R,P,R,G,R,P,K,G,S,K
L,S,R,H,L,R,G,H,G,P,Q
T,G,P,G,G,R,G,G,A,G,G
P,G,G,T,S,R,G,K,P,A,V
Q,L,L,R,S,R,G,P,S,Q,V
P,S,Q,V,D,R,E,G,P,G,T
G,H,S,D,I,R,L,P,P,A,E
R,V,S,A,G,R,G,S,I,S,S
Y,R,D,R,D,R,D,L,Y,P,D
L,G,N,I,S,R,G,G,S,G,G
V,A,S,A,G,R,G,A,G,R,E
L,F,P,R,Y,R,P,Q,Q,G,M
P,Q,Q,G,M,R,Y,S,Y,Q,P
A,D,P,K,G,R,S,A,L,L,A
E,N,I,F,S,R,G,A,N,R,M
G,R,A,I,P,R,G,T,P,G,P
E,L,N,G,G,R,G,H,A,S,R
V,A,Q,P,V,R,G,C,G,P,P
C,G,P,P,R,R,G,A,S,Q,A
F,P,L,P,G,R,G,E,V,W,G
S,G,P,A,G,R,G,R,G,G,E
P,A,G,R,G,R,G,G,E,H,G
N,L,A,Q,L,R,L,Q,H,M,Q
V,Q,T,M,Q,R,G,N,M,N,C
Q,A,H,Q,M,R,L,A,Q,N,A
A,Q,N,A,A,R,I,P,G,I,P
I,P,G,I,P,R,H,S,A,P,Q
R,F,I,Q,P,R,P,T,L,N,Q
P,P,P,L,I,R,P,A,N,S,M
P,K,P,P,H,R,G,G,G,E,P
G,G,G,E,P,R,G,G,R,Q,H
E,P,R,G,G,R,Q,H,H,P,P
R,Q,E,E,E,R,R,R,R,E,E
G,G,Q,G,P,R,G,M,G,P,G
P,A,G,Y,G,R,G,R,E,E,Y
G,Y,G,R,G,R,E,E,Y,E,G
F,S,Q,I,Y,R,F,S,L,S,D
Q,K,A,A,L,R,M,S,Q,S,T
T,F,N,N,P,R,P,G,Q,L,G
L,R,M,Q,P,R,P,G,L,R,P
P,R,P,G,L,R,P,T,G,I,V
Q,P,N,Q,L,R,L,Q,L,Q,H
Q,A,Q,Q,N,R,Q,P,L,M,N
V,N,L,T,L,R,P,G,V,P,T
L,A,Q,R,Q,R,E,I,L,N,Q
S,V,L,P,Q,R,F,P,Q,F,Q
P,G,Q,A,A,R,Y,P,W,M,A
Y,G,P,G,P,R,G,Y,N,N,Q
K,R,G,S,Y,R,G,G,S,I,S
W,G,R,L,H,R,S,P,L,T,F
F,P,A,W,V,R,P,P,E,A,A
T,L,H,V,G,R,G,G,D,A,F
L,G,D,G,P,R,A,P,F,N,Q
E,H,G,P,D,R,G,P,F,R,G
R,E,F,E,G,R,G,G,P,L,P
R,G,S,K,G,R,G,G,P,G,P
G,S,N,W,G,R,G,S,N,M,N
M,S,P,G,N,R,M,P,M,A,G
A,A,A,P,L,R,P,G,M,P,P
G,P,G,P,L,R,Q,Q,G,P,P
F,D,F,L,G,R,A,G,S,P,R
F,P,V,P,I,R,Q,P,L,K,A
I,A,Q,P,V,R,S,F,L,Q,P
S,S,V,G,A,R,G,R,G,L,G
R,R,E,G,T,R,G,S,S,W,S
R,D,R,A,S,R,G,R,G,G,L
R,A,S,R,G,R,G,G,L,G,P
G,S,G,G,S,R,G,K,F,V,S
A,S,S,E,P,R,L,T,L,A,P
A,P,V,G,P,R,A,A,V,S,P
P,S,E,R,P,R,L,V,L,S,S
V,L,S,S,P,R,P,V,L,A,P
A,G,S,S,G,R,G,G,Q,T,V
P,P,S,Y,G,R,G,G,E,V,R
P,D,G,T,G,R,R,V,I,Q,N
A,S,V,Y,P,R,H,F,G,P,V
P,P,S,Q,G,R,G,R,G,F,A
S,Q,G,R,G,R,G,F,A,G,V
V,G,G,P,A,R,G,R,P,R,G
I,P,P,A,P,R,G,V,P,Q,I
A,A,A,A,S,R,G,A,P,R,T
S,R,F,A,P,R,G,A,P,H,F
G,A,P,H,F,R,F,I,I,A,G
P,S,P,A,S,R,Y,V,Q,K,L
A,P,R,P,S,R,G,P,S,P,G
P,A,S,I,F,R,T,P,L,Q,L
S,L,T,W,A,R,G,R,M,D,T
E,N,I,N,H,R,G,G,Y,H,G
P,Q,A,Q,G,R,P,P,Y,Y,T
Q,L,A,Q,M,R,P,N,P,R,W
M,R,P,N,P,R,W,Q,Q,G,G
M,P,S,A,I,R,Q,S,G,P,R
A,A,A,A,P,R,A,V,A,P,Y
Y,A,S,S,V,R,S,P,H,P,A
P,L,Y,P,L,R,P,E,P,P,Q
I,S,W,R,V,R,G,G,G,P,A
W,N,S,T,A,R,S,R,A,P,Y
P,T,P,V,S,R,W,I,Y,P,Q
P,H,A,T,C,R,G,G,S,R,C
P,P,P,A,G,R,G,A,P,P,P
P,P,A,R,G,R,G,A,P,P,P
I,S,A,L,L,R,R,R,R,R,R
V,S,G,E,P,R,F,P,S,H,L
P,L,L,A,A,R,L,V,P,P,R
P,F,M,P,P,R,M,K,M,D,R
S,A,Q,P,P,R,T,Q,T,P,P
R,L,G,A,V,R,G,G,L,M,S
R,A,A,S,L,R,G,G,V,G,A
P,L,T,S,L,R,Q,Y,P,P,R
S,K,S,H,L,R,H,A,I,P,S
S,Q,S,P,L,R,G,G,M,T,E
E,P,R,P,L,R,A,A,S,P,F
S,T,K,R,G,R,G,G,G,E,A
A,A,K,S,S,R,G,N,G,H,F
A,G,A,G,A,R,G,G,A,A,A
H,H,Q,A,Q,R,F,R,L,D,N
P,D,F,R,P,R,E,A,F,L,G
E,A,F,L,G,R,D,P,F,H,S
S,A,P,G,S,R,S,G,S,R,S
R,S,G,S,R,R,G,S,F,D,A
P,R,M,G,S,R,A,G,G,P,T
C,S,L,E,I,R,K,P,S,P,F
Q,L,G,G,G,R,G,V,S,T,C
S,T,C,S,T,R,F,V,S,G,G
G,P,V,G,P,R,L,L,G,P,P
R,G,G,P,M,R,G,G,P,G,P
G,W,K,R,L,R,G,M,G,R,A
L,R,G,M,G,R,A,E,A,M,A
P,S,K,K,G,R,G,A,L,L,A
A,A,D,P,P,R,Y,T,F,A,P
E,K,R,R,G,R,G,T,G,E,A
N,A,E,Y,L,R,V,A,P,Q,S
A,A,S,L,G,R,G,R,P,G,G
K,P,V,H,V,R,P,P,M,P,P
P,P,M,P,P,R,Y,P,A,P,Y
L,S,P,L,Q,R,A,Q,L,L,G
V,A,A,V,F,R,G,R,M,S,M
T,S,Q,Q,Y,R,P,L,A,S,V
G,G,G,S,V,R,I,G,S,G,G
S,G,G,V,F,R,A,P,S,I,H
G,G,S,G,G,R,G,V,S,V,S
S,V,S,S,T,R,F,V,T,S,S
S,Y,G,G,V,R,G,G,S,F,S
Y,S,Y,C,G,R,G,F,Y,P,Q
R,Q,Q,R,N,R,G,F,G,Q,S
P,P,K,F,P,R,A,A,P,L,T
L,L,V,T,T,R,G,R,N,R,L
A,Y,Y,L,P,R,H,L,A,P,N
F,T,V,T,G,R,G,S,P,S,R
F,P,G,A,L,R,G,S,P,P,F
S,G,S,S,G,R,G,A,G,P,L
A,L,P,S,S,R,G,G,P,G,K
P,P,K,R,A,R,G,G,L,W,D
E,R,S,R,A,R,G,W,A,G,V
W,C,N,V,V,R,W,E,F,K,H
L,Q,T,Y,A,R,G,R,T,T,Y
R,A,A,M,Q,R,G,S,L,P,A
R,G,M,D,T,R,G,P,V,P,G
P,V,P,G,P,R,G,P,I,P,S
P,P,A,F,N,R,A,A,P,G,A
R,G,P,P,S,R,G,G,H,M,D
T,M,S,S,S,R,G,P,L,P,V
G,P,P,P,K,R,S,A,P,S,G
P,S,G,P,V,R,S,S,S,G,L
P,G,E,G,L,R,P,S,L,P,T
G,P,P,A,L,R,F,E,S,P,A
P,P,L,G,P,R,Y,A,V,F,P
P,D,G,R,S,R,L,P,F,A,A
P,S,L,E,Y,R,Q,H,L,L,L
P,P,Q,K,V,R,I,N,L,Q,Q
L,T,L,E,I,R,K,P,C,P,Y
T,P,K,Q,L,R,M,Q,L,Q,Q
M,Q,L,Q,Q,R,L,Q,G,Q,Q
F,L,N,Q,S,R,Q,A,L,E,M
P,P,Y,G,P,R,S,R,P,Y,G
Y,G,P,R,S,R,P,Y,G,S,S
S,S,H,S,P,R,H,G,G,S,F
S,F,P,G,G,R,F,G,S,P,S
P,Q,G,S,P,R,T,S,T,P,F
G,L,S,R,V,R,E,S,L,T,L
P,D,F,R,P,R,E,P,F,L,S
E,P,F,L,S,R,D,P,F,H,S
A,A,K,S,S,R,G,N,G,H,F
T,L,V,S,A,R,A,A,A,P,P
G,A,M,P,A,R,G,G,K,R,R
L,R,L,T,G,R,G,G,G,G,G
V,V,G,A,P,R,G,R,S,S,S
G,A,P,R,G,R,S,S,S,R,G
E,G,V,F,G,R,G,G,G,R,E
S,G,G,G,R,R,G,A,A,A,A
S,P,G,R,S,R,G,P,G,G,D
D,F,L,G,G,R,G,G,S,R,P
E,A,A,R,G,R,G,G,G,A,E
A,T,E,A,G,R,G,G,R,R,R
A,E,L,R,G,R,G,W,G,Q,Q
I,P,G,Q,G,R,S,T,Y,V,V
N,R,G,P,P,R,G,G,P,G,G
G,S,D,K,R,R,G,G,P,P,G
G,P,P,I,N,R,G,L,P,L,V
F,E,R,M,R,R,G,A,Y,G,G
D,L,P,F,I,R,I,S,P,H,R
G,P,A,A,G,R,G,T,P,K,G
P,Y,C,S,L,R,Q,L,F,G,E
H,S,V,L,V,R,S,A,Q,P,V
Y,Q,K,A,A,R,G,G,G,A,A
R,A,P,G,P,R,G,S,Y,L,G
G,Y,S,A,G,R,G,I,Y,S,R
P,V,N,N,V,R,P,G,F,P,V
A,L,R,I,A,R,G,T,A,C,N
P,Q,A,Q,G,R,P,P,Y,Y,T
Q,L,A,Q,M,R,P,N,P,R,W
M,R,P,N,P,R,W,Q,Q,G,G
M,P,S,A,I,R,Q,S,G,P,R
A,A,A,A,P,R,A,V,A,P,Y
Y,A,S,S,V,R,S,P,H,P,A
Q,V,Y,G,A,R,S,E,P,P,A
A,S,M,G,P,R,Y,N,T,Y,V
L,P,Q,H,Q,R,G,G,F,G,G
T,V,G,V,G,R,G,R,F,T,T
L,E,N,P,T,R,Y,H,L,Q,Q
A,E,A,K,Y,R,S,A,S,S,A
Y,F,S,G,S,R,G,S,V,Q,G
A,M,N,M,G,R,P,F,Q,K,N
G,N,I,I,P,R,G,A,A,G,K
T,I,A,T,A,R,G,I,K,R,K
G,T,T,V,T,R,G,A,L,P,V
V,P,P,I,A,R,G,V,P,T,P
L,D,L,G,G,R,G,G,V,Q,V
P,F,M,S,P,R,Y,A,G,G,P
Y,A,G,G,P,R,P,P,I,R,M
P,R,P,P,I,R,M,G,N,Q,P
T,P,L,A,V,R,A,L,T,P,V
V,T,A,E,P,R,E,L,L,E,A
V,A,A,E,E,R,V,K,F,F,R
T,E,A,D,A,R,A,Q,A,A,V
D,A,T,A,E,R,D,M,A,V,W
L,V,E,A,E,R,V,K,A,E,R
G,T,G,S,R,R,G,P,L,A,G
F,S,P,P,P,R,H,H,L,D,P
R,F,I,Q,P,R,P,T,L,N,Q
P,P,P,L,I,R,P,A,N,S,M
Y,S,Y,G,M,R,G,G,A,Y,P
G,A,Y,P,P,R,Y,F,Y,P,F
R,S,G,L,P,R,P,S,A,P,S
G,I,P,V,P,R,S,K,L,V,Q
S,V,G,E,L,R,L,L,F,E,A
A,A,G,E,P,R,A,R,G,A,K
R,G,A,K,R,R,G,G,Q,V,P
S,V,L,P,Q,R,F,P,Q,F,Q
Q,F,Q,Q,H,R,A,V,Y,N,S
P,G,Q,A,A,R,Y,P,W,M,A
P,L,D,F,P,R,L,P,D,P,Q
A,S,S,P,G,R,G,G,I,S,W
D,E,Q,R,N,R,G,A,L,L,Q
P,W,N,S,V,R,V,T,F,N,I
D,P,K,S,I,R,L,P,V,S,Q
N,V,H,P,P,R,G,P,L,N,P
S,P,D,K,Q,R,M,P,M,S,V
R,H,L,Q,Q,R,P,S,G,Y,V
L,T,S,T,Q,R,F,S,H,Q,T
D,G,L,R,G,R,G,V,G,S,P
G,H,M,A,S,R,G,G,V,A,G
G,G,V,A,G,R,G,G,F,A,Q
M,G,E,L,Y,R,G,A,M,T,S
D,I,G,L,S,R,G,F,G,D,S
F,P,A,G,A,R,Y,A,G,A,G
V,G,E,P,H,R,G,P,G,L,P
H,G,G,T,G,R,S,L,S,S,P
P,Y,T,T,T,R,Y,G,S,P,I
K,V,H,S,G,R,G,A,E,V,E
L,A,S,Q,Y,R,A,M,M,P,P
A,N,K,S,L,R,G,R,G,P,P
K,S,L,R,G,R,G,P,P,P,S
L,K,A,K,Q,R,A,E,V,L,Q
L,Q,S,T,Q,R,F,F,S,E,Q
M,P,P,L,V,R,G,A,Q,Q,I
Q,I,H,S,I,R,Q,H,S,S,T
L,L,L,A,P,R,A,S,V,P,S
Q,I,Q,G,Q,R,I,I,Q,Q,G
S,A,T,T,P,R,G,V,L,H,T
D,P,E,N,F,R,L,L,G,N,A
S,R,G,A,G,R,G,L,E,K,P
A,L,V,L,A,R,G,G,S,K,G
L,S,S,K,G,R,G,S,L,A,S
R,G,G,P,M,R,G,G,P,G,P
G,P,P,N,G,R,G,G,P,G,G
S,G,L,G,S,R,G,L,T,L,A
A,E,D,L,L,R,F,T,V,P,I
T,A,A,A,F,R,G,A,H,L,R
V,Y,G,A,V,R,A,V,P,P,T
G,Y,A,A,Y,R,Y,A,Q,P,A
V,A,S,L,Y,R,G,G,Y,S,R
R,G,G,Y,S,R,F,A,P,Y,X
V,P,P,S,K,R,G,T,V,G,A
S,A,P,P,G,R,R,H,D,L,Y
A,P,P,G,R,R,H,D,L,Y,D
D,P,M,G,A,R,G,Q,C,M,S
M,S,G,A,S,R,L,P,S,L,F
M,F,Q,G,M,R,G,G,G,A,F
L,S,W,K,G,R,G,G,P,G,D
P,G,P,G,G,R,G,R,G,R,G
P,G,G,R,G,R,G,R,G,Q,G
G,R,G,R,G,R,G,Q,G,N,W
Y,Q,M,S,L,R,G,K,A,S,G
K,Q,T,L,P,R,G,A,P,A,Y
V,T,P,L,A,R,G,T,F,Q,R
L,M,N,G,Y,R,G,P,A,N,G
P,A,N,G,F,R,G,G,Y,D,G
G,Y,D,G,Y,R,P,S,F,S,N
P,P,R,P,N,R,G,M,P,Q,M
S,P,A,D,T,R,L,P,A,F,L
A,F,L,S,L,R,F,L,K,A,P
R,R,L,V,G,R,G,V,G,P,V
S,K,E,G,G,R,G,G,I,S,S
N,Y,M,G,G,R,G,L,G,G,P
P,Y,G,C,G,R,S,Q,T,R,I
L,H,G,Q,L,R,G,L,I,P,G
K,V,A,A,C,R,G,G,Q,N,L
N,A,E,C,G,R,G,G,P,G,P
Q,G,T,T,G,R,A,G,H,L,A
L,P,A,P,P,R,G,G,S,P,L
P,T,K,L,Q,R,G,G,S,A,P
A,Y,A,A,P,R,G,S,S,P,K
G,I,P,V,P,R,S,K,L,A,Q
V,L,G,K,G,R,G,A,A,A,A
L,R,D,R,G,R,G,I,L,I,L
T,P,L,G,P,R,L,L,F,G,S
G,G,S,G,R,R,G,G,R,F,S
G,R,R,G,G,R,F,S,A,Q,G
N,R,R,S,G,R,G,G,S,G,V
S,G,K,R,V,R,A,S,L,D,S
R,A,A,E,P,R,Y,P,P,H,G
T,P,T,V,L,R,W,A,R,S,T
P,F,G,C,Q,R,G,G,M,I,V
R,S,G,F,P,R,V,L,I,D,P
S,G,L,P,N,R,L,P,P,G,A
R,F,L,Q,P,R,L,A,P,N,Q
R,A,G,S,R,R,G,S,F,D,A
A,L,G,S,P,R,L,V,R,R,A
G,K,G,I,G,R,G,T,V,Q,A
G,Y,A,A,Y,R,Y,A,Q,P,T
Q,A,S,I,Y,R,G,G,Y,N,R
T,I,M,T,L,R,T,S,P,P,G
S,P,A,A,A,R,A,G,L,V,V
M,F,N,S,H,R,L,G,L,D,N
N,L,W,K,R,R,G,S,S,G,E
N,E,K,S,T,R,G,Q,H,L,W
G,F,G,N,S,R,G,G,G,A,G
P,T,I,P,A,R,A,G,V,I,S
R,P,S,I,K,R,G,A,S,L,H
S,E,K,D,G,R,S,P,N,K,R
P,S,M,S,V,R,G,G,G,A,G
V,A,A,V,F,R,G,R,M,S,M
T,S,F,Q,P,R,T,A,T,V,T
A,T,V,T,I,R,P,N,T,S,G
T,G,P,Q,I,R,P,G,M,T,V
G,M,T,V,I,R,T,P,L,Q,Q
L,H,F,N,Q,R,G,T,W,L,A
G,R,F,G,S,R,G,G,P,G,G
P,G,G,G,F,R,P,F,V,P,H
D,R,G,Q,G,R,G,G,G,G,G
G,V,G,G,L,R,V,P,A,P,V
Q,M,G,T,N,R,G,A,S,Q,A
G,Y,G,M,P,R,Q,I,L,X,X
E,R,S,L,G,R,G,L,F,V,D
M,S,Y,S,I,R,H,S,I,S,M
P,A,A,A,A,R,G,A,P,V,A
A,S,R,G,A,R,L,P,G,P,V
G,Q,G,A,A,R,G,F,K,S,N
R,C,V,H,P,R,G,G,V,I,Q
G,N,S,M,P,R,G,S,G,S,G
G,S,G,G,G,R,G,G,A,S,G
A,S,R,P,R,R,G,G,I,P,A
A,S,H,L,P,R,G,A,A,A,A
L,Q,T,H,G,R,G,S,P,I,P
A,R,G,T,S,R,G,Q,Y,H,T
S,S,H,R,S,R,G,V,G,G,A
G,V,G,A,P,R,L,P,L,P,Y
G,Y,A,A,Y,R,Y,A,Q,P,A
W,G,M,I,P,R,G,P,A,S,Q
T,S,L,S,P,R,Q,S,G,P,Q
G,G,V,R,S,R,V,G,I,Q,Q
R,V,T,V,A,R,G,S,A,L,E
G,R,L,P,S,R,P,P,L,P,G
G,R,G,R,A,R,G,G,C,P,G
A,T,F,P,S,R,G,A,K,A,S
V,A,T,Y,G,R,G,Y,P,G,F
A,V,A,A,A,R,G,S,G,S,N
C,S,L,A,G,R,G,V,S,S,R
G,G,T,L,G,R,A,G,A,G,R
R,A,G,A,G,R,G,A,P,E,G
R,A,F,S,S,R,S,Y,T,S,G
S,G,P,G,S,R,I,S,S,S,S
S,S,S,F,S,R,V,G,S,S,N
G,S,S,N,F,R,G,G,L,G,G
S,S,S,Q,G,R,G,L,K,P,H
I,N,S,P,A,R,G,T,P,S,P
T,P,C,F,G,R,G,K,T,L,K
P,R,T,Q,G,R,G,G,P,A,S
A,A,A,R,K,R,G,K,P,A,S
T,I,G,R,S,R,G,A,I,I,S
R,T,L,A,F,R,G,G,G,G,G
G,G,C,G,G,R,G,S,K,V,A
G,P,G,T,K,R,G,F,G,F,G
S,R,G,L,G,R,G,G,G,G,P
T,P,S,S,F,R,Q,P,F,T,P
A,Q,S,G,T,R,G,G,A,G,N
M,P,P,G,G,R,G,R,G,R,G
P,G,G,R,G,R,G,R,G,Q,G
G,R,G,R,G,R,G,Q,G,N,W
G,L,V,I,G,R,G,G,E,N,V
Y,A,A,H,G,R,G,A,L,A,E
F,N,Y,E,Q,R,G,A,F,R,G
L,E,Q,F,A,R,G,V,G,L,R
T,E,V,A,K,R,G,G,Q,H,T
T,S,Y,S,Y,R,Q,S,S,A,T
G,G,G,S,V,R,F,G,P,G,V
P,G,V,A,F,R,A,P,S,I,H
G,G,S,G,G,R,G,V,S,V,S
S,V,S,S,A,R,F,V,S,S,S
Y,W,S,H,P,R,K,F,G,Q,G
S,T,F,I,G,R,A,A,A,K,N
G,A,A,G,G,R,G,K,G,A,Y
G,K,G,F,L,R,G,V,V,G,G
I,H,K,S,F,R,G,S,N,F,T
R,R,M,S,G,R,G,V,G,S,V
P,V,P,A,G,R,L,A,T,P,F
R,E,A,R,G,R,G,D,A,S,G
E,V,S,G,F,R,G,G,G,G,G
I,T,Y,S,I,R,P,E,A,L,H
A,L,H,S,P,R,A,P,L,Q,P
G,R,F,G,S,R,G,G,P,G,G
P,G,G,G,F,R,P,F,V,P,H
Y,N,Y,N,M,R,G,G,A,Y,P
G,A,Y,P,P,R,Y,F,Y,P,F
Q,R,R,R,T,R,G,T,P,P,G
W,K,T,R,G,R,G,A,A,N,D
M,I,Y,S,T,R,Y,G,S,P,K
L,Y,H,Y,G,R,G,M,N,P,A
Y,Q,P,G,A,R,S,R,N,R,L
D,K,P,S,D,R,G,K,R,A,R
M,E,T,R,G,R,G,T,S,Q,L
R,R,E,G,T,R,G,S,S,W,S
N,Y,N,E,S,R,G,G,Q,S,N
R,D,R,A,S,R,G,R,G,G,L
R,A,S,R,G,R,G,G,L,G,P
G,S,G,G,S,R,G,K,F,V,S
P,R,G,G,G,R,G,A,L,P,T
H,G,N,F,P,R,L,S,Y,P,T
R,H,T,L,L,R,A,P,A,P,E
E,K,T,K,G,R,G,F,T,P,V
X,X,M,H,R,R,G,V,G,A,G
R,H,L,Y,L,R,G,G,A,G,V
S,V,P,T,G,R,A,M,P,S,R
A,T,P,G,G,R,G,D,M,K,Y
K,S,S,F,R,R,G,G,H,T,W
A,T,G,C,G,R,G,A,K,L,P
Q,P,V,A,V,R,G,G,G,G,K
E,S,S,G,G,R,G,L,K,K,G
D,Y,D,A,G,R,G,G,Y,G,K
S,G,L,G,A,R,G,S,S,Y,G
R,V,C,T,F,R,F,P,S,T,N
G,P,V,G,V,R,K,E,M,H,C
I,L,A,W,G,R,G,S,G,N,N
F,K,S,T,A,R,F,T,L,N,P
M,N,S,A,L,R,Q,M,S,Y,G
V,I,L,N,P,R,A,L,Q,P,S
C,G,A,A,I,R,H,F,D,G,A
T,S,C,G,P,R,A,L,L,T,L
M,D,T,C,E,R,C,N,G,K,G
P,C,V,V,C,R,G,A,G,Q,A
G,G,G,G,G,R,R,R,D,S,Y
K,T,S,V,Y,R,Q,Q,Q,P,T
V,P,Q,G,Q,R,L,R,Q,Q,L
A,G,A,T,S,R,G,G,Q,A,P
V,K,Q,G,G,R,G,A,G,A,T
M,T,Q,A,P,R,I,M,H,H,M
T,L,V,S,A,R,A,A,A,P,P
S,S,H,R,S,R,G,G,T,G,S
R,S,R,A,G,R,G,E,T,T,K
Q,T,G,W,P,R,G,V,T,Q,F
P,G,L,G,P,R,V,G,P,L,L
P,Y,A,R,N,R,P,P,F,G,Q
P,G,P,G,Y,R,X,X,X,X,X
T,I,K,T,K,R,S,I,Q,F,V
V,K,P,S,G,R,G,A,A,P,S
I,P,P,A,P,R,G,V,P,Q,I
S,T,C,V,V,R,F,A,K,T,G
K,T,G,A,L,R,G,A,A,L,G
V,R,G,A,S,R,G,F,S,S,G
Y,V,E,T,P,R,V,H,I,S,S
H,I,S,S,V,R,S,G,Y,S,T
K,K,S,R,R,R,G,A,A,Q,W
G,G,S,R,S,R,G,G,G,S,T
V,A,T,Y,G,R,G,Y,P,G,F
A,V,A,A,A,R,G,S,V,L,N
A,P,G,S,A,R,G,G,A,R,R
G,P,V,S,G,R,Y,R,H,S,M
V,S,G,R,Y,R,H,S,M,T,N
Q,H,P,P,H,R,T,A,S,V,F
S,L,S,G,A,R,S,A,P,R,L
P,E,Y,T,W,R,L,P,C,G,G
Q,S,N,Q,A,R,G,A,G,V,P
A,Q,Q,Q,K,R,G,G,F,G,G
G,G,F,G,G,R,N,R,G,R,P
G,R,A,S,K,R,G,G,G,G,S
V,S,W,R,G,R,G,G,A,P,A
Q,G,R,S,S,R,G,G,Q,Q,G
Q,G,R,S,S,R,G,G,Q,Q,G
Q,G,R,S,S,R,G,G,Q,Q,G
Q,G,R,S,S,R,G,G,Q,Q,G
Q,G,R,S,S,R,G,G,Q,Q,G
Q,G,R,S,S,R,G,G,Q,Q,G
Q,G,R,S,S,R,G,G,Q,Q,G
S,R,S,R,T,R,A,G,A,G,G
P,L,D,W,A,R,L,P,P,P,A
P,L,Q,S,A,R,S,L,P,G,N
K,V,G,A,G,R,G,V,L,V,T
A,T,R,L,T,R,G,G,L,G,E
G,E,A,E,P,R,G,R,H,R,R
A,L,Y,G,Q,R,L,A,S,A,S
G,E,N,V,K,R,R,V,P,L,D
L,Q,Y,S,C,R,L,Q,N,L,D
T,A,P,A,G,R,G,F,R,R,A
S,H,F,S,N,R,G,A,R,L,F
G,T,T,P,D,R,I,A,Q,I,T
P,G,P,G,G,R,G,R,G,R,G
P,G,G,R,G,R,G,R,G,Q,G
G,R,G,R,G,R,G,Q,G,N,W
F,S,G,I,G,R,S,G,Q,Q,P
X,X,M,S,K,R,P,S,Y,A,P
A,Y,N,N,Y,R,L,G,G,N,P
T,P,L,A,V,R,A,L,T,P,V
A,A,G,R,G,R,G,A,G,M,P
P,P,P,A,G,R,G,A,P,P,P
S,Q,G,Q,L,R,H,T,S,Q,G
F,Q,P,A,P,R,G,G,G,G,G
R,Q,T,V,N,R,G,G,G,G,F
K,L,Y,E,R,R,G,G,G,S,G
G,A,G,G,A,R,G,G,A,G,G
Q,I,T,F,G,R,G,S,S,Q,P
R,I,Q,G,G,R,G,S,P,S,G
F,G,H,G,L,R,P,V,D,V,G
T,E,Q,A,G,R,N,A,L,L,S
D,S,G,G,S,R,P,P,I,L,P
L,P,P,G,G,R,A,T,S,A,K
A,P,S,A,G,R,G,R,G,Q,A
I,L,A,W,G,R,G,S,G,T,N
K,A,A,S,R,R,G,G,D,H,M
F,G,N,M,C,R,G,G,R,M,F
R,H,Y,L,L,R,G,G,G,G,P
M,S,V,T,G,R,G,G,P,R,P
P,F,S,L,L,R,G,P,S,W,D
R,T,P,G,P,R,G,S,Y,L,G
G,Y,S,A,G,R,G,I,Y,S,R
I,T,S,A,R,R,S,Y,A,S,E
S,E,T,V,V,R,G,L,G,P,S
G,A,S,V,G,R,G,R,G,A,V
S,V,G,R,G,R,G,A,V,G,R
V,E,N,I,C,R,G,G,K,S,R
S,S,K,L,G,R,G,V,A,L,A
G,T,G,A,E,R,G,G,L,M,V
T,T,V,Q,Q,R,G,A,A,V,I
Q,Q,Q,A,L,R,F,R,G,P,A
Q,A,L,R,F,R,G,P,A,P,P
P,N,A,V,M,R,G,P,P,P,L
G,P,G,T,R,R,G,P,L,V,G
P,T,S,T,P,R,A,S,R,R,G
P,R,A,S,R,R,G,L,S,L,G
R,L,S,E,G,R,G,L,P,P,P
G,H,M,M,N,R,G,G,M,S,G
G,G,M,S,G,R,G,S,F,A,P
P,G,G,A,S,R,G,H,V,I,P
G,H,V,I,P,R,G,G,M,Q,A
G,G,E,V,G,R,G,Q,D,A,S
V,M,A,C,G,R,P,Q,G,T,A
V,A,E,Y,A,R,R,F,G,V,P
V,S,S,Y,R,R,T,F,G,G,A
S,P,V,F,P,R,A,G,F,G,T
G,L,G,S,L,R,S,S,R,L,G
I,V,T,D,G,R,P,Q,D,Q,V
S,V,G,Q,G,R,G,K,R,R,R
L,Q,L,G,P,R,P,P,P,V,A
P,G,A,G,D,R,G,G,G,G,P
M,P,P,G,G,R,G,R,G,R,G
P,G,G,R,G,R,G,R,G,Q,G
G,R,G,R,G,R,G,Q,G,N,W
G,L,V,I,G,R,G,G,E,N,V
G,D,S,L,A,R,G,G,K,G,F
R,G,N,R,S,R,G,A,G,S,F
A,R,P,G,S,R,G,G,P,L,G
I,P,V,Y,P,R,A,Y,L,P,T
G,E,Y,D,E,R,P,I,L,P,S
R,S,A,D,S,R,L,P,F,L,X
G,A,S,V,G,R,G,R,G,A,V
S,V,G,R,G,R,G,A,V,G,R
G,P,G,T,K,R,G,F,G,F,G
S,Q,S,W,S,R,G,S,P,S,T
A,L,Y,A,P,R,L,P,P,I,P
K,P,H,R,N,R,G,S,P,G,G
P,T,I,C,R,R,G,G,T,W,F
F,P,R,S,G,R,G,T,G,R,G
G,R,G,T,G,R,G,G,G,G,G
G,G,G,A,P,R,G,R,Y,G,P
S,L,H,N,S,R,G,T,S,S,S
S,E,M,S,A,R,C,G,F,D,D
G,H,G,E,E,R,G,G,G,A,K
Y,S,Y,C,G,R,G,F,Y,P,Q
P,E,S,S,S,R,G,G,S,L,E
P,G,S,F,G,R,G,G,S,L,G
R,R,G,A,G,R,G,G,G,A,P
W,K,T,K,G,R,G,A,A,N,D
S,G,L,G,A,R,G,S,S,Y,G
A,F,G,N,S,R,A,Q,D,V,Q
S,G,L,L,P,R,A,V,P,Q,G
S,T,S,S,L,R,A,S,M,T,S
K,A,R,R,R,R,G,G,V,S,A
I,N,N,K,A,R,A,G,S,A,F
V,G,E,E,R,R,G,G,G,G,T
G,P,G,G,R,R,G,G,G,S,G
A,G,S,P,S,R,G,G,I,W,Q
G,P,A,E,E,R,S,G,G,G,A
A,D,Q,V,S,R,E,Y,G,G,E
F,G,G,A,G,R,G,L,Y,G,I
A,Q,P,M,M,R,P,P,F,G,A
A,L,S,E,P,R,T,S,L,W,S
T,L,N,Q,L,R,L,S,P,V,P
G,Q,L,D,V,R,M,T,S,P,S
G,G,F,F,P,R,A,G,L,A,V
G,G,P,M,G,R,G,G,Y,G,G
S,G,G,G,G,R,G,G,F,P,S
D,N,F,C,M,R,G,L,S,N,F
H,G,V,S,H,R,G,G,W,R,I
T,A,V,A,Y,R,G,A,H,L,R
G,Y,A,A,Y,R,Y,A,Q,P,A
S,P,S,R,S,R,L,S,Y,A,G
S,Y,A,G,G,R,P,P,S,Y,A
S,G,P,P,S,R,G,S,P,V,R
A,A,R,L,C,R,A,G,A,H,R
R,M,G,E,P,R,A,P,L,V,P
Q,Q,G,A,V,R,P,Q,T,L,N
S,H,R,R,H,R,G,G,D,L,G
P,A,L,T,P,R,K,R,A,T,V
I,L,P,G,D,R,K,P,L,Y,H
L,Y,H,Y,G,R,G,I,N,P,A
D,W,S,Q,I,R,Y,P,P,P,P
P,F,S,L,L,R,S,P,S,W,E
A,R,P,G,S,R,G,P,A,P,G
T,V,G,V,G,R,G,R,F,T,T
G,V,A,Q,V,R,P,T,G,I,L
Q,L,P,L,T,R,M,P,S,V,S
A,S,P,A,P,R,G,G,P,E,H
P,V,L,Q,P,R,G,G,T,S,P
P,G,G,F,G,R,G,S,Q,G,G
L,A,T,P,K,R,G,G,N,N,N
Y,L,F,V,D,R,A,V,I,Y,N
K,N,R,L,R,R,G,G,P,I,S
S,F,S,S,S,R,S,G,R,R,Q
A,D,Y,F,G,R,G,V,F,N,K
L,M,E,A,G,R,G,T,G,S,A
G,M,A,E,P,R,A,R,A,A,R
L,S,S,P,T,R,G,G,V,K,K
R,V,S,S,T,R,G,S,L,G,G
Y,E,T,S,D,R,C,Y,T,T,E
G,F,G,N,S,R,G,G,G,A,G
Y,Q,E,L,P,R,C,P,A,P,A
R,L,A,V,Q,R,G,G,T,F,Q
G,F,R,G,G,R,G,G,G,G,D
Q,P,V,G,L,R,G,G,G,G,K
S,I,V,G,G,R,G,M,G,S,R
G,P,R,F,T,R,G,G,G,G,L
Q,T,G,W,P,R,G,V,N,Q,F
D,E,D,C,Q,R,G,G,Q,K,K
S,M,R,L,H,R,G,A,P,A,N
E,L,L,K,C,R,Q,P,A,P,P
S,S,P,G,P,R,L,V,F,N,R
P,G,G,M,S,R,G,R,G,R,R
L,E,L,R,H,R,G,G,C,P,G
G,G,E,R,A,R,G,G,G,A,G
M,I,Y,S,T,R,Y,G,S,P,K
T,S,Q,W,P,R,A,G,A,P,S
P,A,G,V,G,R,G,G,G,A,A
I,Y,H,P,V,R,Y,Y,Y,I,Q
V,T,Y,N,C,R,A,P,Q,S,G
Q,N,Q,Y,L,R,M,S,L,P,N
Q,M,G,S,N,R,G,A,S,Q,A
P,P,P,P,P,R,G,G,D,L,M
S,Y,A,G,G,R,G,S,Y,G,D
V,K,S,T,A,R,F,T,L,N,P
P,H,P,T,A,R,L,L,L,A,T
E,S,V,K,S,R,G,L,P,C,T
L,V,P,I,G,R,G,Q,R,E,L
S,S,P,L,E,R,G,G,I,H,S
Y,A,Q,A,D,R,C,A,T,R,R
Q,G,E,V,I,R,P,P,L,T,T
A,G,D,E,A,R,G,G,G,S,P
Q,T,L,P,S,R,G,P,R,G,G
P,S,R,G,P,R,G,G,G,A,G
P,P,P,S,A,R,S,T,P,L,P
P,L,H,T,P,R,A,S,P,T,G
G,G,A,A,W,R,S,R,L,N,S
K,Y,C,H,L,R,G,G,G,S,G
D,Y,D,A,G,R,G,G,Y,G,K
A,T,E,V,S,R,E,D,D,D,R
V,Q,N,S,E,R,G,K,K,I,G
H,P,G,L,L,R,G,G,A,G,G
P,P,P,L,Q,R,A,P,P,P,T
P,P,P,T,V,R,S,K,N,P,G
G,S,G,S,V,R,G,G,G,G,G
H,H,Q,A,Q,R,F,R,L,D,N
T,P,I,K,G,R,L,C,R,I,M
Q,V,D,S,V,R,G,F,G,G,K
S,M,R,L,H,R,G,A,P,V,N
S,Q,T,P,Q,R,Y,P,M,T,M
V,A,M,G,P,R,Q,H,Y,P,Y
P,L,V,T,M,R,P,A,S,Q,A
L,P,A,S,V,R,M,V,V,P,T
A,L,P,S,V,R,V,G,L,S,G
S,A,T,L,K,R,G,G,K,K,C
Q,S,N,Q,A,R,G,A,G,V,P
W,R,H,P,V,R,G,S,L,F,I
N,D,P,E,P,R,Y,L,V,H,G
S,T,A,G,S,R,T,G,S,R,T
R,A,G,S,R,R,G,S,F,D,A
I,Q,M,T,R,R,Q,S,V,G,R
R,Q,S,V,G,R,G,L,Q,L,T
V,A,G,V,P,R,F,R,F,G,P
G,R,Q,F,N,R,Q,R,G,I,S
Q,F,N,R,Q,R,G,I,S,H,A
H,A,M,G,G,R,G,G,I,N,R
Q,A,P,G,P,R,A,G,P,C,I
F,S,G,I,G,R,S,G,Q,Q,P
V,T,G,L,G,R,G,Q,Q,Q,V
S,R,G,R,L,R,G,G,L,G,W
P,C,S,L,G,R,G,A,A,P,S
G,S,G,Y,S,R,S,S,Q,G,Q
Q,A,Q,F,G,R,G,R,G,W,Q
V,T,Q,D,L,R,S,H,L,V,H
A,L,K,D,R,R,M,E,N,L,V
F,I,H,G,H,R,G,G,G,G,G
G,M,A,G,G,R,G,S,G,G,H
L,L,G,R,G,R,G,S,V,M,D
K,P,R,T,A,R,G,G,G,L,S
T,P,S,S,F,R,Q,P,F,V,T
V,T,P,S,S,R,S,L,L,R,H
R,M,P,P,S,R,L,S,G,I,M
H,V,T,Q,G,R,R,E,G,Q,A
K,I,A,T,P,R,G,A,A,S,P
L,D,F,K,D,R,V,Q,S,K,I
P,K,G,F,G,R,G,G,A,E,S
D,Y,Y,V,P,R,G,G,R,R,R
S,P,R,R,L,R,G,G,P,Q,C
T,M,H,V,G,R,G,G,D,V,F
V,V,T,A,N,R,G,S,S,P,Q
R,P,S,I,R,R,G,G,E,L,P
F,L,A,R,G,R,G,S,T,I,S
F,G,V,S,G,R,F,L,R,G,R
G,R,A,P,R,R,G,A,G,G,H
T,I,G,R,S,R,G,A,I,I,S
Q,G,V,Y,G,R,G,S,Y,P,G
L,Y,A,G,Q,R,L,P,Q,H,G
G,Q,P,L,P,R,Q,G,I,K,R
T,Q,S,S,G,R,G,G,S,L,A
P,A,K,S,L,R,G,G,P,G,S
A,P,P,G,G,R,S,S,G,I,W
T,A,A,G,S,R,G,G,S,A,A
E,R,D,R,R,R,G,S,T,P,W
K,L,G,S,G,R,G,T,G,Q,M
G,N,V,S,I,R,G,R,I,L,S
S,P,S,S,P,R,G,G,A,R,R
S,P,G,L,G,R,G,R,K,N,S
K,P,A,G,G,R,G,G,W,G,W
H,V,A,A,G,R,G,G,M,A,G
G,N,S,L,P,R,G,S,S,S,G
P,T,G,T,G,R,G,G,S,S,I
K,E,G,K,G,R,T,A,S,P,V
V,N,S,P,A,R,G,T,P,S,P
G,R,L,P,S,R,P,P,L,P,G
P,A,A,A,A,R,G,G,R,V,A
G,R,G,R,A,R,G,G,W,P,G
S,Q,G,K,G,R,G,L,S,L,S
A,G,A,G,A,R,G,G,A,P,A
D,S,S,A,P,R,L,G,R,F,C
A,P,R,L,G,R,F,C,G,S,G
N,P,C,G,S,R,L,Q,P,P,G
F,E,R,M,R,R,G,A,Y,G,G
L,S,P,E,M,R,E,H,Y,E,K
V,Q,R,S,M,R,G,G,Y,I,G
L,V,S,E,L,R,W,P,I,P,G
P,R,T,Q,G,R,G,G,P,A,S
T,E,F,Q,F,R,G,G,F,G,R
G,P,G,G,G,R,G,R,G,S,L
Y,A,A,H,G,R,G,A,L,A,E
A,A,T,L,A,R,G,S,G,R,P
R,K,S,Q,G,R,G,S,S,C,S
Y,Q,A,A,I,R,G,V,G,S,A
G,G,G,G,A,R,P,A,A,E,P
C,S,S,A,V,R,A,L,E,L,I
A,P,S,P,T,R,G,F,G,K,M
S,W,K,Y,S,R,G,A,G,L,G
X,X,M,G,G,R,G,A,D,A,G
R,R,S,V,S,R,G,S,Y,Q,L
R,P,S,P,R,R,G,G,S,Y,Y
F,L,S,R,G,R,G,V,L,F,L
G,Q,G,D,S,R,Y,P,L,L,G
A,N,L,L,Q,R,V,A,K,L,G
Q,M,G,S,N,R,G,A,S,Q,A
Q,M,G,T,N,R,G,A,S,Q,A
T,R,G,R,N,R,G,G,P,I,L
R,Q,N,R,S,R,G,Q,G,Y,V
G,Q,S,G,N,R,G,G,Y,R,N
R,D,R,Y,Y,R,N,Y,Y,G,Y
G,Y,Q,G,Y,R,X,X,X,X,X
G,R,K,P,A,R,G,G,Q,G,P
R,G,D,D,G,R,G,G,G,S,G
P,T,S,L,T,R,A,G,M,S,Y
L,S,R,H,L,R,G,H,G,P,Q
A,L,Y,G,Q,R,L,T,T,A,S
L,G,G,G,P,R,P,P,S,P,R
C,G,P,R,A,R,P,Y,G,S,S
S,S,Q,S,P,R,H,G,G,N,F
N,F,S,G,A,R,F,G,S,P,S
E,E,S,K,G,R,G,F,S,I,V
E,K,T,K,G,R,G,F,T,P,V
Q,S,T,F,L,R,F,N,H,P,A
L,T,L,G,A,R,G,R,R,T,R
S,S,G,G,G,R,G,G,G,A,G
P,R,P,G,V,R,G,A,P,S,S
E,Q,T,N,P,R,G,G,K,V,T
S,G,V,T,A,R,G,G,V,G,Q
E,R,S,L,G,R,G,L,F,V,D
Y,W,S,H,P,R,K,F,G,Q,G
S,R,G,A,P,R,L,P,T,V,C
S,R,G,I,G,R,G,I,A,L,Q
G,L,S,G,S,R,G,G,G,G,G
G,F,S,R,F,R,G,T,Q,Y,P
A,S,A,L,P,R,G,G,K,X,X
D,S,P,A,A,R,G,G,G,R,W
Q,P,S,P,G,R,G,G,T,S,T
P,S,A,D,P,R,L,P,L,V,P
A,S,T,L,R,R,G,G,P,T,S
R,A,G,V,G,R,A,S,Q,G,W
A,G,E,Q,L,R,G,G,P,G,G
G,G,P,G,G,R,G,R,R,G,R
P,G,G,R,G,R,R,G,R,G,R
S,A,S,L,G,R,G,G,G,G,S
R,R,S,V,S,R,G,S,Y,Q,L
G,P,P,V,E,R,P,P,L,A,T
A,P,R,I,T,R,G,S,A,P,L
R,S,S,R,S,R,G,S,F,G,M
G,S,S,G,G,R,G,G,A,G,G
S,S,S,Q,G,R,G,L,K,P,H
Q,P,L,G,P,R,I,I,A,P,P
L,G,R,A,N,R,F,L,S,T,A
T,Q,A,L,S,R,F,T,S,P,Q
E,P,L,S,A,R,R,G,D,C,P
Q,L,K,F,V,R,A,P,M,V,V
N,Q,S,P,F,R,A,P,L,N,V
P,P,Q,K,V,R,I,N,L,Q,Q
T,L,Y,Q,P,R,F,G,N,S,Q
A,G,G,F,Q,R,F,A,G,Q,N
P,M,V,M,K,R,P,Q,L,Y,G
G,G,Q,M,C,R,P,H,L,L,H
S,G,S,P,V,R,Y,Q,Q,E,T
S,Q,L,P,G,R,P,K,S,P,L
T,K,S,P,F,R,F,G,Q,P,S
A,E,Q,Q,R,R,Q,P,V,F,I
E,N,E,V,L,R,H,Q,L,F,A
V,A,A,V,G,R,Y,P,K,P,L
L,M,H,Q,N,R,Q,A,I,L,N
V,G,M,N,M,R,S,G,M,Q,Q
Q,Q,H,R,Q,R,Q,I,I,Q,Q
I,I,Q,Q,Q,R,A,M,L,M,R
E,H,S,K,W,R,Y,P,Q,P,Q
P,E,S,Y,P,R,S,F,Q,L,Q
F,Y,S,I,M,R,E,S,G,Y,L
Q,G,S,S,P,R,M,A,F,T,H
T,H,P,T,I,R,Y,H,H,H,H
V,P,P,P,I,R,Y,G,P,P,P
I,G,L,L,H,R,G,T,E,K,L
A,N,T,Q,P,R,G,P,L,S,Q
L,R,T,L,S,R,C,S,L,L,S
S,G,M,V,P,R,G,P,P,A,T
P,P,A,T,A,R,F,G,V,P,A
I,C,E,G,I,R,P,Q,I,M,N
I,P,P,A,P,R,G,V,P,Q,I
N,H,T,H,S,R,M,G,S,I,M
E,D,G,A,E,R,E,A,A,L,E
E,A,A,L,E,R,P,R,R,T,K
A,L,E,R,P,R,R,T,K,R,E
K,I,L,I,L,R,Q,T,T,A,D
W,W,W,G,E,R,A,G,C,C,G
H,Q,E,I,A,R,S,S,Y,A,D
D,A,Q,G,A,R,N,A,V,N,L
P,S,C,P,G,R,G,K,M,S,K
E,E,M,T,S,R,D,Y,Y,F,D
V,P,R,P,R,R,T,R,R,E,R
X,X,M,S,F,R,G,G,N,R,G
F,R,G,G,N,R,G,G,R,G,G
G,N,R,G,G,R,G,G,F,R,G
G,R,G,G,F,R,G,G,F,R,G
F,R,G,G,F,R,G,G,R,T,G
G,A,P,G,G,R,G,G,A,S,M
G,A,S,M,G,R,G,G,S,R,G
G,R,G,G,S,R,G,G,F,R,G
S,R,G,G,F,R,G,G,R,G,G
G,F,R,G,G,R,G,G,S,S,F
G,G,S,S,F,R,G,G,R,G,G
S,F,R,G,G,R,G,G,S,S,F
G,G,S,S,F,R,G,G,S,R,G
F,R,G,G,S,R,G,G,S,F,R
R,G,G,S,F,R,G,G,S,R,G
F,R,G,G,S,R,G,G,S,R,G
S,R,G,G,S,R,G,G,F,R,G
S,R,G,G,F,R,G,G,R,R,X
Y,S,R,S,Y,R,G,G,G,G,G
N,R,G,G,F,R,G,R,G,G,F
G,G,F,R,G,R,G,G,F,R,G
G,R,G,G,F,R,G,G,F,R,G
F,R,G,G,F,R,G,G,F,R,G
F,R,G,G,F,R,G,G,F,S,R
R,G,G,F,S,R,G,G,F,G,G
G,F,G,G,P,R,G,G,F,G,G
G,F,G,G,P,R,G,G,Y,G,G
Y,G,G,Y,S,R,G,G,Y,G,G
Y,G,G,Y,S,R,G,G,Y,G,G
G,Y,G,G,S,R,G,G,Y,D,S
G,Y,D,S,P,R,G,G,Y,D,S
G,Y,D,S,P,R,G,G,Y,S,R
R,G,G,Y,S,R,G,G,Y,G,G
D,Y,G,P,P,R,G,S,Y,G,G
S,Y,G,G,S,R,G,G,Y,D,G
G,Y,D,G,P,R,G,D,Y,G,P
S,S,W,A,V,R,K,T,L,P,A
R,D,D,S,R,R,G,G,F,G,S
S,L,G,T,A,R,P,P,P,S,M
A,G,L,A,A,R,M,S,Q,V,P
A,N,L,A,S,R,I,P,A,A,S
N,L,A,S,A,R,T,P,A,I,P
N,L,A,S,P,R,T,A,V,A,P
N,L,A,D,P,R,T,P,T,A,P
N,L,V,G,P,R,S,A,H,A,T
N,L,T,S,P,R,V,P,L,S,A
X,X,X,M,A,R,T,K,Q,T,A
T,K,Q,T,A,R,K,S,T,G,G
G,G,K,A,P,R,K,Q,L,A,T
X,X,X,M,A,R,T,K,Q,T,A
T,K,Q,T,A,R,K,S,T,G,G
G,G,K,A,P,R,K,Q,L,A,T
X,X,X,M,A,R,T,K,Q,T,A
T,K,Q,T,A,R,K,S,T,G,G
G,G,K,A,P,R,K,Q,L,A,T
L,P,H,R,S,R,G,G,G,G,G
G,G,G,G,S,R,G,G,A,R,A
V,P,E,P,S,R,G,R,G,V,P
E,P,S,R,G,R,G,V,P,V,R
P,V,P,R,G,R,G,V,G,P,P
G,V,G,P,P,R,G,A,L,V,R
R,G,A,L,V,R,G,T,P,V,R
R,G,T,P,V,R,G,A,I,T,R
G,A,T,V,T,R,G,V,P,P,P
P,P,P,T,V,R,G,A,P,A,P
G,S,Q,G,G,R,G,G,G,A,Q
G,P,I,R,N,R,P,A,I,A,R
R,P,A,I,A,R,G,A,A,G,G
A,G,G,G,G,R,N,R,P,A,P
G,M,T,R,N,R,G,A,G,G,F
T,R,R,G,T,R,G,G,A,R,G
Y,G,S,G,G,R,G,N,R,N,R
G,K,S,Q,R,R,G,G,H,Q,N
P,T,G,G,G,R,G,R,G,M,R
G,G,G,R,G,R,G,M,R,S,R
R,G,M,R,S,R,G,R,G,G,F
M,R,S,R,G,R,G,G,F,T,S
C,Y,N,C,G,R,G,G,H,I,A
G,G,F,A,G,R,A,R,G,R,G
F,A,G,R,A,R,G,R,G,G,G
G,R,A,R,G,R,G,G,G,P,S
G,K,V,S,R,R,G,G,H,Q,N
P,Q,A,Q,G,R,P,P,Y,Y,T
Q,L,A,Q,M,R,P,N,P,R,W
M,R,P,N,P,R,W,Q,Q,G,G
M,P,S,A,I,R,Q,S,G,P,R
A,A,A,A,P,R,A,V,A,P,Y
Y,A,S,S,V,R,S,P,H,P,A
N,Q,Y,M,Q,R,M,A,S,V,R
P,Q,T,Q,N,R,A,A,Y,Y,P
Q,I,A,Q,L,R,P,S,P,R,W
L,R,P,S,P,R,W,T,A,Q,G
M,P,G,A,I,R,P,A,A,P,R
R,P,A,A,P,R,P,P,F,S,T
V,M,S,T,Q,R,V,A,N,T,S
Q,T,M,G,P,R,P,A,A,A,A
A,T,P,A,V,R,T,V,P,Q,Y
Y,A,A,G,V,R,N,P,Q,Q,H
S,S,R,S,G,R,G,G,N,F,G
G,F,G,D,S,R,G,G,G,G,N
P,G,S,N,F,R,G,G,S,D,G
G,Y,G,S,G,R,G,F,G,D,G
G,Y,G,G,G,R,G,G,Y,G,G
N,F,G,G,S,R,N,M,G,G,P
G,G,Y,G,G,R,S,R,Y,X,X
Y,S,R,S,Y,R,G,G,G,G,G
S,G,P,D,N,R,G,R,G,R,G
P,D,N,R,G,R,G,R,G,G,F
N,R,G,R,G,R,G,G,F,D,R
R,G,G,F,D,R,G,G,M,S,R
R,G,G,M,S,R,G,G,R,G,G
M,S,R,G,G,R,G,G,G,R,G
G,R,G,G,G,R,G,G,M,G,S
P,M,N,S,M,R,G,G,L,P,P
P,P,R,E,G,R,G,M,P,P,P
M,P,P,P,L,R,G,G,P,G,G
G,G,P,M,G,R,M,G,G,R,G
G,R,M,G,G,R,G,G,D,R,G
G,R,G,G,D,R,G,G,F,P,P
G,G,F,P,P,R,G,P,R,G,S
P,P,R,G,P,R,G,S,R,G,N
G,P,R,G,S,R,G,N,P,S,G
P,P,G,G,D,R,G,R,G,G,P
G,G,D,R,G,R,G,G,P,G,G
G,P,G,G,M,R,G,G,R,G,G
G,M,R,G,G,R,G,G,L,M,D
G,G,L,M,D,R,G,G,P,G,G
P,G,G,M,F,R,G,G,R,G,G
M,F,R,G,G,R,G,G,D,R,G
G,R,G,G,D,R,G,G,F,R,G
D,R,G,G,F,R,G,G,R,G,M
G,F,R,G,G,R,G,M,D,R,G
G,R,G,M,D,R,G,G,F,G,G
F,G,G,G,R,R,G,G,P,G,G
Q,M,G,G,R,R,G,G,R,G,G
G,R,R,G,G,R,G,G,P,G,K
Q,S,G,K,K,R,G,F,G,F,V
S,S,W,G,G,R,S,N,S,G,P
N,S,G,P,Y,R,G,G,Y,G,G
S,S,G,G,D,R,G,G,F,K,N
G,Y,G,G,D,R,S,S,G,G,G
G,Y,G,G,D,R,G,G,G,Y,G
G,Y,G,G,D,R,G,G,G,Y,G
G,Y,G,G,D,R,G,G,Y,G,G
G,G,D,R,S,R,G,G,Y,G,G
G,Y,G,G,D,R,G,G,G,S,G
G,Y,G,G,D,R,G,G,G,Y,G
G,Y,G,G,D,R,G,G,Y,G,G
A,Q,A,A,P,R,I,I,T,G,P
P,P,A,A,L,R,T,P,T,P,A
I,M,P,L,I,R,Q,I,Q,T,A
F,T,L,Q,I,R,G,R,E,R,F
L,Q,I,R,G,R,E,R,F,E,M
I,R,G,R,E,R,F,E,M,F,R
G,P,G,I,G,R,A,A,G,R,G
G,R,A,A,G,R,G,I,P,A,G
M,T,P,Q,G,R,G,T,V,A,A
P,P,G,G,N,R,G,G,F,Q,N
G,G,F,Q,N,R,G,G,G,S,G
G,G,G,N,Y,R,G,G,F,N,R
G,Y,S,Q,N,R,W,G,N,N,N
T,D,D,S,L,R,E,H,F,E,K
Q,T,K,R,S,R,G,F,G,F,V
S,A,G,S,Q,R,G,R,G,G,G
G,S,Q,R,G,R,G,G,G,S,G
G,N,F,M,G,R,G,G,N,F,G
G,G,N,F,G,R,G,G,N,F,G
G,N,F,G,G,R,G,G,Y,G,G
G,S,F,G,G,R,S,S,G,S,P
T,E,K,R,G,R,G,R,P,R,K
T,P,K,R,P,R,G,R,P,K,G
K,R,P,R,G,R,P,K,G,S,K
N,N,D,G,G,R,G,G,S,R,G
G,R,G,G,S,R,G,F,G,G,R
R,G,F,G,G,R,G,G,G,R,G
G,R,G,G,G,R,G,G,N,R,G
G,R,G,G,N,R,G,F,G,G,R
R,G,F,G,G,R,G,G,A,R,G
G,R,G,G,A,R,G,G,R,G,G
G,A,R,G,G,R,G,G,F,R,P
G,R,G,G,F,R,P,S,G,S,G
P,A,Y,E,P,R,S,P,G,G,Y
S,P,S,S,P,R,Y,T,P,Q,S
X,X,M,S,G,R,G,K,G,G,K
E,T,Q,R,S,R,G,F,G,F,I
G,R,S,Y,S,R,G,G,G,D,Q
R,Y,Y,D,S,R,P,G,G,Y,G
G,Y,G,Y,G,R,S,R,D,Y,N
A,S,S,S,Q,R,G,R,S,G,S
N,F,G,G,G,R,G,G,G,F,G
N,D,N,F,G,R,G,G,N,F,S
G,N,F,S,G,R,G,G,F,G,G
G,F,G,G,S,R,G,G,G,G,Y
G,N,F,G,G,R,S,S,G,P,Y
Y,F,A,K,P,R,N,Q,G,G,Y
S,Y,G,S,G,R,R,F,X,X,X
A,T,L,A,S,R,S,L,S,H,W
Y,G,K,A,S,R,G,G,G,N,H
R,S,S,R,S,R,S,A,S,R,S
E,R,N,H,P,R,V,Y,Q,N,R
W,G,Q,Y,N,R,G,G,Y,G,N
G,Y,G,N,Y,R,S,N,W,Q,N
F,R,P,G,S,R,G,G,S,R,G
S,R,G,G,S,R,G,G,S,R,G
S,R,G,G,S,R,G,G,F,G,G
G,G,F,G,G,R,G,G,S,R,G
G,R,G,G,S,R,G,G,A,R,G
S,R,G,G,A,R,G,G,S,R,G
A,R,G,G,S,R,G,G,F,G,G
S,R,G,G,A,R,G,G,S,R,G
A,R,G,G,S,R,G,G,F,G,G
G,G,F,G,G,R,G,G,S,R,G
G,R,G,G,S,R,G,G,A,R,G
S,R,G,G,A,R,G,G,S,R,G
A,R,G,G,S,R,G,G,R,G,G
G,S,R,G,G,R,G,G,A,A,G
A,A,G,G,A,R,G,G,A,K,V
P,L,P,A,E,R,V,T,L,A,D
Q,S,S,A,S,R,L,M,R,R,H
G,Q,S,N,E,R,G,D,G,G,I
W,D,P,S,P,R,G,C,F,T,L
T,R,S,S,L,R,G,P,R,E,R
E,L,T,A,S,R,Q,S,F,R,M
Q,D,R,G,G,R,G,R,G,G,S
R,G,G,R,G,R,G,G,S,G,G
G,G,Y,E,P,R,G,R,G,G,G
Y,E,P,R,G,R,G,G,G,R,G
G,R,G,G,G,R,G,G,R,G,G
G,G,R,G,G,R,G,G,M,G,G
M,G,G,S,D,R,G,G,F,N,K
R,A,D,F,N,R,G,G,G,N,G
G,G,G,N,G,R,G,G,R,G,R
N,G,R,G,G,R,G,R,G,G,P
R,G,G,R,G,R,G,G,P,M,G
G,G,P,M,G,R,G,G,Y,G,G
S,G,G,G,G,R,G,G,F,P,S
Y,G,D,D,R,R,G,G,R,G,G
D,R,R,G,G,R,G,G,Y,D,R
R,G,G,Y,D,R,G,G,Y,R,G
D,R,G,G,Y,R,G,R,G,G,D
G,G,Y,R,G,R,G,G,D,R,G
G,R,G,G,D,R,G,G,F,R,G
D,R,G,G,F,R,G,G,R,G,G
G,F,R,G,G,R,G,G,G,D,R
R,G,G,G,D,R,G,G,F,G,P
A,G,A,G,P,R,G,G,R,S,P
S,S,G,K,G,R,G,A,K,R,K
S,L,G,T,A,R,P,P,P,S,M
A,G,L,A,A,R,M,S,Q,V,P
L,V,V,G,P,R,S,A,H,G,T
N,L,T,S,P,R,V,P,L,S,A
R,D,N,R,L,R,G,P,G,G,P
G,P,G,G,P,R,G,G,L,G,G
M,R,G,P,P,R,G,G,M,V,Q
G,F,G,V,G,R,G,L,A,P,R
R,G,L,A,P,R,Q,X,X,X,X
S,Q,P,G,P,R,L,P,F,I,Q
H,S,Q,N,P,R,F,Y,H,K,X
R,G,Q,G,G,R,G,R,G,G,G
E,P,S,P,F,R,G,R,S,R,S
S,P,F,R,G,R,S,R,S,A,P
D,R,N,L,G,R,G,S,S,A,P
T,P,L,G,P,R,V,A,A,P,V
G,A,P,V,P,R,P,R,G,P,P
P,V,P,R,P,R,G,P,P,P,P
H,W,C,F,K,R,K,Y,L,Q,G
Y,L,Q,G,K,R,G,I,E,K,P
G,G,W,F,G,R,G,C,T,K,R
I,R,K,D,R,R,G,G,R,M,L
T,K,Q,T,A,R,K,S,T,G,G
G,G,K,A,P,R,K,Q,L,A,T
P,G,Q,M,Q,R,G,G,F,R,G
G,R,G,G,F,R,G,R,G,G,F
G,G,F,R,G,R,G,G,F,R,G
G,R,G,G,F,R,G,G,F,R,G
F,R,G,G,F,R,G,G,Y,R,G
F,R,G,G,Y,R,G,G,F,R,G
Y,R,G,G,F,R,G,R,G,N,F
G,G,F,R,G,R,G,N,F,R,G
G,R,G,N,F,R,G,R,G,G,A
G,N,F,R,G,R,G,G,A,R,G
G,R,G,G,A,R,G,G,F,N,G
H,H,Q,A,Q,R,F,R,F,S,P
G,G,Y,N,R,R,G,N,M,P,Q
G,N,M,P,Q,R,G,G,G,G,G
G,Y,P,Y,P,R,A,P,V,F,P
P,V,F,P,G,R,G,S,Y,S,N
S,S,S,A,T,R,G,R,G,S,S
S,A,T,R,G,R,G,S,S,V,G
G,S,G,Y,R,R,G,G,S,S,Y
L,Q,L,L,C,R,A,D,A,G,P
L,C,A,A,C,R,M,A,A,G,P
I,T,Q,D,L,R,N,H,L,V,H
A,L,K,D,R,R,M,E,N,L,V
Q,A,G,V,Q,R,A,G,L,P,Q
T,K,Q,T,A,R,K,S,T,G,G
G,G,K,A,P,R,K,Q,L,A,T
A,Q,Q,Q,K,R,G,G,F,G,G
G,G,F,G,G,R,N,R,G,R,P
A,G,P,A,G,R,G,L,V,F,R
L,V,S,M,F,R,G,M,G,L,D
L,D,T,A,F,R,P,P,S,K,R
V,P,P,L,G,R,G,V,L,G,R
R,G,V,L,G,R,G,L,S,A,N
S,R,M,L,G,R,G,S,S,E,V
L,L,P,L,G,R,A,A,S,S,I
A,S,S,I,G,R,G,M,D,K,P
S,N,E,L,T,R,W,G,L,S,L
A,R,G,R,A,R,G,Q,E,T,V
G,D,L,V,G,R,G,R,Q,R,G
G,R,G,R,Q,R,G,M,V,V,G
Q,P,K,R,R,R,G,P,G,G,T
T,K,Q,T,A,R,K,S,T,G,G
G,G,K,A,P,R,K,Q,L,A,T
H,A,R,R,S,R,G,G,A,G,G
G,G,S,Y,Y,R,G,G,N,A,S
P,R,F,H,S,R,G,L,G,R,G
G,L,G,R,G,R,G,N,Y,R,G
G,R,G,N,Y,R,G,N,R,G,N
R,G,N,R,G,R,G,G,Q,R,G
G,R,G,G,Q,R,G,N,Y,Q,N
Y,L,F,G,E,R,L,L,E,C,H
P,T,F,L,E,R,R,K,S,Q,V
T,F,L,E,R,R,K,S,Q,V,A
T,P,T,H,S,R,K,K,R,R,R
Q,R,F,T,Q,R,G,G,G,A,V
N,R,R,G,G,R,G,G,N,R,G
Q,Y,P,P,G,R,G,T,P,P,P
L,K,I,Q,N,R,Q,A,A,A,S
A,A,F,S,G,R,G,A,Q,V,R
I,G,L,L,H,R,G,T,E,K,L
S,Q,G,K,G,R,G,L,S,L,S
I,S,T,T,D,R,G,F,P,R,A
G,F,P,R,A,R,Y,R,A,R,T
R,G,G,F,G,R,G,R,G,Q,P
G,F,G,R,G,R,G,Q,P,P,Q
G,Y,N,G,G,R,G,G,G,S,F
F,S,N,N,R,R,G,G,Y,G,N
R,S,N,S,R,R,G,G,F,G,R
R,D,N,S,F,R,G,G,S,G,W
N,G,R,G,G,R,G,G,Y,N,R
Q,Q,W,G,S,R,G,G,F,A,G
G,G,F,A,G,R,A,R,G,R,G
F,A,G,R,A,R,G,R,G,G,G
G,R,A,R,G,R,G,G,G,P,S
G,K,V,S,R,R,G,G,H,Q,N
F,M,A,K,K,R,I,A,V,I,G
X,X,M,S,G,R,G,K,Q,G,G
G,H,G,V,P,R,L,P,P,G,R
A,S,E,A,S,R,L,A,H,Y,S
A,H,Y,S,K,R,S,T,I,S,S
S,T,I,S,S,R,E,I,Q,T,A
G,P,G,I,G,R,A,A,G,R,G
G,R,A,A,G,R,G,I,P,A,G
X,X,M,S,G,R,G,N,L,L,S
N,I,S,V,G,R,G,R,A,R,L
S,V,G,R,G,R,A,R,L,I,D
G,Q,D,P,Y,R,L,G,H,D,P
P,W,N,S,V,R,V,T,F,N,I
F,Y,P,A,G,R,A,R,G,I,P
P,A,G,R,A,R,G,I,P,H,R
R,G,I,P,H,R,F,A,G,H,E
P,T,H,R,R,R,G,S,F,S,S
V,R,E,G,P,R,G,G,V,R,C
T,N,Y,K,S,R,G,G,D,F,R
Q,G,G,N,Y,R,G,G,F,G,G
R,Y,G,G,G,R,G,G,R,G,G
G,G,R,G,G,R,G,G,Y,G,R
G,G,Y,G,R,R,G,G,Y,G,G
G,Y,G,G,G,R,G,G,Y,G,G
A,T,G,K,L,R,K,L,E,K,I
E,K,R,I,P,R,E,E,M,L,Q
A,A,T,A,L,R,K,E,S,T,S
V,K,V,G,S,R,T,G,G,D,A
T,A,T,A,G,R,S,K,S,F,N
A,P,S,A,I,R,E,N,D,I,K
G,E,L,A,K,R,S,E,R,R,A
K,R,S,E,R,R,A,E,A,E,K
S,P,V,L,M,R,H,L,T,A,S
X,X,X,M,Q,R,L,V,A,W,D
G,Y,G,G,G,R,G,G,Y,G,G
X,X,M,S,G,R,G,K,Q,G,G
X,X,M,S,G,R,G,K,Q,G,G
X,X,M,S,G,R,G,K,Q,G,G
G,R,A,A,G,R,R,A,S,R,S
R,A,A,G,R,R,A,S,R,S,S
G,F,G,L,E,R,M,A,A,P,I
S,I,S,V,A,R,G,G,G,R,G
G,H,V,M,P,R,G,S,G,T,G
Q,G,N,L,Y,R,P,L,L,R,G
Y,R,P,L,L,R,G,Q,A,Q,I
Q,Q,R,F,D,R,G,V,G,A,E
L,L,P,W,N,R,M,L,Q,T,Q
X,X,M,S,G,R,G,K,Q,G,G
X,X,M,S,G,R,G,K,Q,G,G
I,F,M,V,G,R,G,Y,L,S,P
X,X,M,S,G,R,G,K,Q,G,G
H,S,P,A,R,R,F,G,G,P,V
H,H,Q,A,Q,R,F,R,F,S,P
X,X,M,S,G,R,G,K,Q,G,G
X,X,M,S,G,R,G,K,Q,G,G
R,G,M,R,S,R,G,R,G,G,F
M,R,S,R,G,R,G,G,F,T,S
C,Y,N,C,G,R,G,G,H,I,A
G,G,S,G,S,R,I,S,V,S,R
X,X,M,S,G,R,G,K,Q,G,G
P,T,P,A,P,R,T,M,P,P,T
X,X,M,S,G,R,G,K,Q,G,G
A,S,S,S,Q,R,G,R,S,G,S
N,F,G,G,G,R,G,G,G,F,G
N,D,N,F,G,R,G,G,N,F,S
G,F,G,G,S,R,G,G,G,G,Y
H,L,S,L,T,R,G,L,S,R,T
K,P,R,S,S,R,G,S,I,F,T
E,L,E,E,S,R,H,K,C,P,P
L,G,E,K,G,R,R,I,R,E,L
G,E,K,G,R,R,I,R,E,L,T
K,G,R,R,I,R,E,L,T,A,V
E,H,R,Q,L,R,Y,Q,Q,P,G
X,X,M,S,G,R,G,K,G,G,K
I,F,M,V,G,R,G,Y,A,S,P
X,X,M,S,G,R,G,K,Q,G,G
M,S,E,E,T,R,Q,S,K,L,A
A,K,K,K,L,R,E,Y,Q,Q,R
R,E,Y,Q,Q,R,N,S,P,G,V
X,X,M,S,G,R,G,K,Q,G,G
X,X,M,S,G,R,G,K,Q,G,G
X,X,M,S,G,R,G,K,Q,G,G
D,I,G,S,T,R,L,Q,A,Q,K
S,S,R,S,T,R,H,H,G,L,V
V,S,P,L,R,R,Y,P,R,H,I
L,R,R,Y,P,R,H,I,D,S,S
K,G,Q,L,F,R,L,P,S,A,L
P,S,A,L,N,R,T,S,S,D,S
V,K,G,V,Y,R,F,C,F,S,N
S,Q,P,G,P,R,L,P,F,I,Q
H,S,Q,N,P,R,F,Y,H,K,X
T,E,E,S,L,R,N,Y,Y,E,Q
S,S,R,S,G,R,G,G,N,F,G
G,F,G,D,S,R,G,G,G,G,N
P,G,S,N,F,R,G,G,S,D,G
G,Y,G,S,G,R,G,F,G,D,G
G,Y,G,G,G,R,G,G,Y,G,G
N,F,G,G,S,R,N,M,G,G,P
G,G,Y,G,G,R,S,R,Y,X,X
N,P,V,I,A,R,G,R,G,R,G
V,I,A,R,G,R,G,R,G,R,K
A,R,G,R,G,R,G,R,K,P,N
D,E,S,L,F,R,G,R,Q,I,K
I,S,T,T,D,R,G,F,P,R,A
D,R,G,F,P,R,A,R,Y,R,A
G,F,P,R,A,R,Y,R,A,R,T
A,R,Y,R,A,R,T,T,N,Y,N
N,Y,N,S,S,R,S,R,F,Y,S
N,S,S,R,S,R,F,Y,S,G,F
S,G,F,N,S,R,P,R,G,R,V
F,N,S,R,P,R,G,R,V,Y,R
S,R,P,R,G,R,V,Y,R,G,R
R,V,Y,R,G,R,A,R,A,T,S
Y,R,G,R,A,R,A,T,S,W,Y
X,X,M,S,G,R,G,K,G,G,K
N,S,P,G,H,R,A,G,L,E,P
S,I,S,G,S,R,L,N,K,D,N
G,Q,P,M,G,R,G,A,M,M,N
G,Q,G,M,G,R,G,S,R,P,Y
G,D,G,R,R,R,R,G,G,G,R
R,R,G,G,G,R,G,Q,G,G,R
R,G,Q,G,G,R,G,R,G,G,G
Q,G,G,R,G,R,G,G,G,F,K
A,Q,A,A,P,R,I,I,T,G,P
P,P,A,A,L,R,T,P,T,P,A
I,M,P,L,I,R,Q,I,Q,T,A
X,X,X,M,H,R,L,L,A,W,D
D,K,A,K,M,R,N,L,E,T,Q
A,D,D,Q,G,R,G,R,R,R,P
D,Q,G,R,G,R,R,R,P,L,N
Q,G,R,G,R,R,R,P,L,N,E
G,R,G,R,R,R,P,L,N,E,D
D,K,T,V,A,R,T,S,A,S,V
G,P,G,V,G,R,A,A,G,R,G
Q,Y,P,P,G,R,G,T,P,P,P
E,T,Q,R,S,R,G,F,G,F,I
G,R,S,Y,S,R,G,G,G,D,Q
G,R,Y,D,S,R,P,G,G,Y,G
G,Y,G,Y,G,R,S,R,D,Y,S
V,P,E,P,S,R,G,R,G,V,S
E,P,S,R,G,R,G,V,S,V,R
V,S,V,R,G,R,G,A,A,P,P
G,A,A,G,G,R,G,S,G,P,G
Y,G,S,G,G,R,G,N,R,N,R
R,G,N,R,N,R,G,N,R,G,S
R,N,R,G,N,R,G,S,G,G,G
G,K,S,Q,R,R,G,G,H,Q,N
Y,G,K,A,S,R,G,G,G,N,H
D,A,V,G,P,R,G,A,A,I,A
A,A,I,A,G,R,R,R,R,T,G
Q,R,R,V,N,R,G,G,G,P,R
G,P,R,R,N,R,P,A,I,A,R
R,P,A,I,A,R,G,G,R,N,R
I,A,R,G,G,R,N,R,P,A,P
A,Q,S,G,N,R,G,G,M,T,R
R,G,G,M,T,R,S,R,G,S,G
G,M,T,R,S,R,G,S,G,G,F
G,G,F,G,G,R,G,S,Q,G,R
R,G,S,Q,G,R,G,R,G,T,G
S,Q,G,R,G,R,G,T,G,R,N
G,S,Q,G,G,R,G,G,A,V,Q
A,Q,S,I,N,R,G,G,M,T,R
G,M,T,R,N,R,G,S,G,G,F
A,S,S,S,Q,R,G,R,S,G,S
S,Q,G,K,G,R,G,L,S,L,S
K,C,I,S,F,R,D,H,M,K,T
R,N,I,E,D,R,V,Q,E,E,A
P,Q,T,Q,N,R,A,A,Y,Y,P
S,S,Q,V,P,R,V,M,S,T,Q
Q,T,M,G,P,R,P,A,A,A,A
A,T,P,A,V,R,T,V,P,Q,Y
M,P,P,P,L,R,G,G,P,G,G
G,G,P,M,G,R,M,G,G,R,G
P,P,R,G,P,R,G,S,R,G,N
G,P,R,G,S,R,G,N,P,S,G
F,G,G,G,R,R,G,G,P,G,G
L,D,S,I,G,R,F,F,S,G,D
F,F,S,G,D,R,G,A,P,K,R
R,E,N,L,V,R,P,S,L,D,H
D,S,N,N,N,R,G,N,Y,N,R
T,S,A,P,G,R,G,S,H,G,P
F,S,L,Q,E,R,P,A,G,S,C
Y,G,R,K,K,R,R,Q,R,R,R
G,R,K,K,R,R,Q,R,R,R,P
X,X,X,M,Q,R,L,V,A,W,D
A,S,S,S,Q,R,G,R,S,G,S
N,F,G,G,G,R,G,G,G,F,G
N,D,N,F,G,R,G,G,N,F,S
G,N,F,S,G,R,G,G,F,G,G
G,F,G,G,S,R,G,G,G,G,Y
G,N,F,G,G,R,S,S,G,P,Y
Y,F,A,K,P,R,N,Q,G,G,Y
S,Q,G,K,G,R,G,L,S,L,S
S,R,S,L,C,R,G,G,G,G,S
G,G,G,G,G,R,F,S,G,G,G
S,G,S,S,S,R,G,G,G,S,G
S,S,G,S,H,R,G,G,S,G,G
S,S,G,G,G,R,G,G,S,S,S
Y,G,N,N,N,R,G,G,F,R,Q
D,R,F,R,S,R,G,G,G,G,G
P,K,P,P,H,R,G,G,G,E,P
G,G,G,E,P,R,G,G,R,Q,H
E,P,R,G,G,R,Q,H,H,A,P
G,G,Q,G,P,R,G,M,G,P,G
P,A,G,Y,G,R,G,R,E,E,Y
L,C,A,P,H,R,T,C,R,E,A
F,G,N,M,C,R,G,G,R,M,F
W,G,Q,Y,N,R,G,G,Y,G,N
G,Y,G,N,Y,R,S,N,W,Q,N
G,R,G,W,G,R,G,N,Y,S,G
K,E,D,I,S,R,D,T,E,G,M
R,L,A,R,V,R,G,G,T,A,T
G,P,G,G,P,R,G,G,P,S,G
M,R,G,P,P,R,G,G,M,V,Q
G,F,G,V,G,R,G,I,T,T,P
S,Y,A,A,E,R,S,M,M,S,S
M,M,S,Y,E,R,S,M,M,S,P
A,Y,M,K,K,R,E,E,E,M,R
R,E,E,E,M,R,D,T,N,E,S
F,G,N,M,C,R,G,G,R,M,F
Y,E,D,I,S,R,G,L,Q,G,T
G,F,R,L,P,R,G,W,S,V,E
R,K,T,G,K,R,F,R,S,L,V
T,G,K,R,F,R,S,L,V,S,V
N,I,L,G,P,R,V,P,L,T,A
Y,S,Y,H,S,R,Y,A,Q,P,G
S,L,A,Q,L,R,L,Q,H,I,Q
R,P,R,S,S,R,G,S,I,F,T
E,I,L,N,D,R,G,S,G,L,R
K,L,R,A,A,R,A,K,A,M,K
G,K,G,A,G,R,G,R,K,P,A
S,G,K,S,P,R,R,R,A,A,S
K,S,P,R,R,R,A,A,S,M,D
T,Y,V,T,Q,R,P,V,Y,L,G
P,P,K,M,A,R,Y,D,N,G,S
S,P,N,S,Y,R,G,N,Y,G,G
G,G,G,G,Y,R,G,G,S,Q,G
S,Q,G,G,Y,R,N,N,F,G,G
S,G,G,G,Y,R,G,S,G,G,F
G,G,F,Q,R,R,G,Y,G,G,G
Y,F,G,Q,G,R,G,G,G,G,G
X,X,V,G,G,R,G,R,G,R,G
V,G,G,R,G,R,G,R,G,T,A
G,R,G,R,G,R,G,T,A,A,A
K,N,R,G,G,R,E,E,V,L,E
K,A,Q,P,A,R,G,G,R,R,G
G,R,R,R,G,R,G,R,G,G,P
R,R,G,R,G,R,G,G,P,G,A
Y,G,R,K,K,R,R,Q,R,R,R
G,R,K,K,R,R,Q,R,R,R,A
N,F,R,N,Q,R,K,M,V,K,C
N,C,R,A,P,R,K,K,G,C,W
N,N,G,N,F,R,G,S,N,R,Y
G,S,N,R,Y,R,G,G,P,N,G
G,G,H,N,N,R,G,N,R,G,G
N,N,R,G,N,R,G,G,Y,R,G
N,R,G,G,Y,R,G,G,S,S,Y
I,R,N,N,G,R,G,N,Y,N,S
M,N,G,G,S,R,G,R,G,F,G
G,S,R,G,G,R,G,S,S,G,N
G,F,C,Q,S,R,G,P,G,G,G
G,I,G,G,G,R,G,F,G,G,G
G,G,T,G,S,R,G,G,G,G,G
Y,V,S,S,S,R,S,A,T,K,Y
S,R,T,N,A,R,G,A,P,L,N
Q,S,G,K,K,R,G,F,G,F,V
G,S,W,G,G,R,S,N,S,G,P
N,S,G,P,Y,R,G,G,Y,G,G
G,N,F,M,G,R,G,G,N,F,G
G,G,N,F,G,R,G,G,N,F,G
G,G,G,G,S,R,G,S,Y,G,G
Y,G,R,R,K,R,K,Q,R,R,R
Y,G,R,K,K,R,K,H,R,R,G
Y,G,R,K,K,R,R,Q,R,R,R
G,R,K,K,R,R,Q,R,R,R,P
Y,G,R,K,K,R,R,Q,R,R,R
G,R,K,K,R,R,Q,R,R,R,P
Y,G,R,K,K,R,R,Q,R,R,R
G,R,K,K,R,R,Q,R,R,R,A
Y,G,R,K,K,R,R,Q,R,R,G
G,R,K,K,R,R,Q,R,R,G,P
Y,G,R,K,K,R,R,Q,R,R,R
G,R,K,K,R,R,Q,R,R,R,P
Y,G,R,E,K,R,R,Q,R,T,T
G,R,E,K,R,R,Q,R,T,T,T
Y,G,R,K,K,R,R,Q,R,R,R
G,R,K,K,R,R,Q,R,R,R,A
Y,G,R,K,K,R,R,Q,R,R,R
G,R,K,K,R,R,Q,R,R,R,A
Y,G,K,K,K,R,K,P,R,R,G
Y,G,R,K,K,R,R,Q,R,R,R
G,R,K,K,R,R,Q,R,R,R,P
Y,G,R,K,K,R,S,Q,R,R,R
Y,G,R,K,K,R,R,Q,R,R,G
G,R,K,K,R,R,Q,R,R,G,T
Y,G,R,K,K,R,R,Q,R,R,S
G,R,K,K,R,R,Q,R,R,S,A
Y,G,R,K,K,R,R,Q,R,R,R
G,R,K,K,R,R,Q,R,R,R,A
Y,G,R,K,K,R,R,Q,R,R,R
G,R,K,K,R,R,Q,R,R,R,T
Y,G,R,K,K,R,R,Q,R,R,R
G,R,K,K,R,R,Q,R,R,R,P
Y,G,R,K,K,R,R,P,R,R,G
G,R,K,K,R,R,P,R,R,G,T
Y,G,R,K,K,R,R,Q,R,P,R
G,R,K,K,R,R,Q,R,P,R,T
Y,G,R,K,K,R,R,Q,R,R,R
G,R,K,K,R,R,Q,R,R,R,A
Y,G,R,K,K,R,T,T,R,R,R
Y,G,R,K,K,R,R,Q,R,R,K
G,R,K,K,R,R,Q,R,R,K,P
Y,G,R,K,K,R,S,Q,R,H,R
Y,G,R,K,K,R,S,Q,R,R,R
Y,G,R,K,K,R,R,Q,R,R,G
G,R,K,K,R,R,Q,R,R,G,P
Y,G,R,K,K,R,R,Q,R,R,R
G,R,K,K,R,R,Q,R,R,R,A
Y,G,R,K,K,R,R,Q,R,R,R
G,R,K,K,R,R,Q,R,R,R,T
Y,G,R,K,K,R,G,R,P,A,A
H,G,R,K,K,R,R,R,P,A,A
G,R,K,K,R,R,R,P,A,A,A
N,G,R,K,K,R,R,P,R,R,T
G,R,K,K,R,R,P,R,R,T,T
Y,G,R,K,K,R,R,Q,R,Q,R
G,R,K,K,R,R,Q,R,Q,R,A
Y,G,R,K,K,R,R,Q,R,R,R
G,R,K,K,R,R,Q,R,R,R,P
Y,G,R,K,K,R,S,Q,R,R,R
Y,G,R,K,K,R,R,Q,R,H,R
G,R,K,K,R,R,Q,R,H,R,T
Y,G,R,K,K,R,R,Q,R,R,S
G,R,K,K,R,R,Q,R,R,S,A
Y,G,R,K,K,R,R,Q,R,R,R
G,R,K,K,R,R,Q,R,R,R,A
Y,G,R,K,K,R,R,Q,R,R,R
G,R,K,K,R,R,Q,R,R,R,P
Y,G,R,K,K,R,R,Q,R,R,S
G,R,K,K,R,R,Q,R,R,S,A
Y,G,R,K,K,R,R,Q,R,R,R
G,R,K,K,R,R,Q,R,R,R,P
M,Q,A,K,G,R,G,L,S,L,T
S,Q,G,K,G,R,G,T,V,L,S
Q,P,K,A,P,R,F,P,S,N,I
R,V,A,R,G,R,G,L,P,G,P
A,L,P,S,T,R,A,R,Q,S,F
V,Q,F,A,G,R,G,S,S,E,E
F,E,R,M,R,R,G,A,Y,G,G
Y,Y,A,I,T,R,G,R,R,Y,Y
P,Q,G,P,Y,R,Y,P,T,P,D
S,G,P,P,M,R,L,V,E,P,V
H,L,S,G,V,R,Y,P,P,E,L
R,M,S,E,G,R,G,L,P,P,P
G,H,M,M,N,R,G,G,M,S,G
G,G,M,S,G,R,G,S,F,A,P
P,G,G,A,S,R,G,H,P,I,P
V,I,L,A,G,R,P,L,P,E,R
R,P,L,P,E,R,R,W,L,K,A
P,L,P,E,R,R,W,L,K,A,G
K,H,E,D,K,R,G,G,S,G,S
F,G,D,L,G,R,P,G,R,G,G
L,G,R,P,G,R,G,G,R,G,G
P,G,R,G,G,R,G,G,R,G,G
G,G,G,R,S,R,G,A,G,S,A
F,F,Q,S,P,R,G,G,T,G,G
D,F,D,L,A,R,A,D,F,Q,K
P,P,P,P,P,R,G,G,D,L,M
G,R,S,L,P,R,G,A,L,G,P
C,G,L,P,R,R,G,A,S,Q,A
F,P,L,T,G,R,G,E,V,W,G
P,A,G,G,G,R,G,G,G,H,E
P,T,A,A,G,R,G,R,G,R,G
A,P,V,G,S,R,G,R,G,T,P
T,V,A,A,A,R,G,I,K,R,K
L,A,S,Q,Y,R,A,M,M,P,P
F,Q,Q,Y,P,R,M,T,Y,P,P
L,H,G,P,M,R,F,P,P,S,L
T,N,K,G,L,R,G,R,G,P,P
K,G,L,R,G,R,G,P,P,P,S
P,G,G,F,G,R,G,S,Q,G,G
A,V,A,P,Q,R,A,P,I,L,R
R,A,P,I,L,R,P,A,F,V,P
P,H,V,L,Q,R,A,D,S,A,L
A,A,A,G,P,R,P,M,A,L,R
K,N,Q,F,N,R,G,G,G,H,R
G,R,A,T,Y,R,G,G,L,E,G
Q,G,S,V,P,R,G,G,P,S,A
A,R,P,G,S,R,G,C,P,I,G
G,G,F,N,M,R,G,G,N,F,R
R,G,G,N,F,R,G,G,A,P,G
G,A,P,G,N,R,G,G,Y,N,R
G,G,Y,N,R,R,G,N,M,P,Q
G,N,M,P,Q,R,G,G,G,G,G
P,V,F,P,G,R,G,G,Y,S,N
S,Q,G,K,G,R,G,L,S,L,S
R,P,I,R,G,R,G,G,L,G,R
D,G,F,D,S,R,G,K,R,E,F
K,H,E,D,K,R,G,G,S,G,S
F,G,D,L,G,R,P,G,R,G,G
L,G,R,P,G,R,G,G,R,G,G
P,G,R,G,G,R,G,G,R,G,G
P,T,T,S,I,R,F,T,L,P,P
L,R,M,Q,P,R,P,G,L,R,P
P,R,P,G,L,R,P,T,G,L,V
Q,P,N,Q,L,R,L,Q,L,Q,H
L,Q,L,Q,H,R,L,Q,A,Q,Q
Q,A,Q,Q,N,R,Q,P,L,M,N
V,N,L,T,L,R,P,G,V,P,T
L,A,Q,R,Q,R,E,I,L,N,Q
Q,Q,V,Q,Q,R,T,L,M,M,R
R,T,L,M,M,R,G,Q,G,L,N
A,S,A,Y,P,R,H,F,G,P,V
P,P,S,Q,G,R,G,R,G,F,A
S,Q,G,R,G,R,G,F,A,G,V
V,G,G,P,A,R,G,R,P,R,G
A,R,G,R,P,R,G,V,I,S,T
Y,S,S,L,D,R,A,P,S,P,R
R,A,P,S,P,R,P,R,A,F,D
P,S,P,R,P,R,A,F,D,G,A
R,A,P,S,P,R,P,G,I,G,P
G,I,G,P,V,R,Q,P,G,P,S
R,G,P,S,P,R,P,P,A,A,A
E,N,G,V,L,R,P,E,P,T,K
V,P,N,L,P,R,A,G,L,P,P
S,A,A,P,A,R,P,G,P,A,A
I,P,G,Q,G,R,S,T,Y,V,V
T,R,G,P,P,R,G,G,P,G,G
G,G,E,L,P,R,G,P,A,G,L
G,S,D,K,R,R,G,G,P,P,G
A,G,V,F,P,R,G,T,G,S,G
P,G,T,F,Q,R,S,A,G,L,Q
E,L,L,K,C,R,Q,P,V,P,P
A,S,S,G,P,R,L,V,F,N,R
R,P,I,G,G,R,G,G,Y,Y,G
Y,Y,G,A,G,R,G,S,M,Y,D
R,M,R,D,G,R,G,M,G,G,H
M,G,G,Y,G,R,D,G,M,D,N
L,G,G,Y,G,R,G,G,G,G,S
S,G,G,G,W,R,G,M,Y,X,X
G,A,T,V,T,R,G,V,P,P,P
L,S,H,L,N,R,F,P,A,R,G
I,Y,E,E,V,R,A,V,L,K,S
G,G,R,G,R,R,G,R,G,R,G
R,G,R,R,G,R,G,R,G,S,P
R,R,G,R,G,R,G,S,P,H,L
L,Y,A,G,Q,R,L,P,Q,H,G
A,Q,P,L,P,R,Q,G,V,K,R
Q,G,N,N,Y,R,P,L,L,R,G
L,F,Q,Q,H,R,F,E,R,S,V
Q,H,R,F,E,R,S,V,G,A,E
L,L,P,W,N,R,M,I,Q,N,Q
P,P,P,S,G,R,Y,S,W,N,X
V,S,G,E,P,R,F,P,S,H,L
K,V,T,L,T,R,G,G,L,Q,Q
I,P,P,A,P,R,G,V,P,Q,I
D,R,N,R,R,R,G,G,G,A,A
T,N,Y,V,K,R,G,S,W,S,T
K,R,G,S,Y,R,G,G,S,I,S
P,G,Q,P,Q,R,M,M,G,P,L
L,S,Q,A,S,R,Y,I,G,P,Q
F,D,R,R,S,R,V,L,P,H,P
N,Q,P,S,V,R,R,G,Y,R,R
P,K,P,K,S,R,S,P,T,P,P
K,A,Q,L,A,R,Q,Q,S,P,S
S,P,S,P,I,R,H,S,P,S,P
P,V,R,H,V,R,A,P,T,P,S
T,P,S,P,V,R,S,V,S,P,A
P,P,G,G,N,R,G,G,F,Q,N
G,G,F,Q,N,R,G,G,G,G,G
G,G,G,N,Y,R,G,G,F,N,R
R,G,G,F,N,R,S,G,G,G,G
N,L,A,Q,L,R,L,Q,H,M,Q
Q,L,Q,Q,M,R,M,Q,Q,P,P
V,Q,T,M,Q,R,G,N,M,N,C
Q,A,H,Q,M,R,L,A,Q,N,A
A,Q,N,A,A,R,I,P,G,I,P
I,P,G,I,P,R,H,S,G,P,Q
P,Y,G,A,G,R,G,N,Y,D,A
N,Y,D,A,F,R,G,Q,G,G,Y
Y,P,G,K,P,R,N,R,M,V,R
S,A,G,G,Q,R,G,G,F,G,S
S,G,G,M,S,R,G,R,G,R,R
G,M,S,R,G,R,G,R,R,D,N
G,A,G,V,A,R,G,G,A,G,G
N,P,G,E,L,R,M,A,Q,Q,Q
Q,Q,Q,A,L,R,F,R,G,P,A
Q,A,L,R,F,R,G,P,A,P,P
P,N,A,V,M,R,G,P,P,P,L
P,P,P,L,M,R,P,P,P,P,F
L,K,I,L,I,R,P,L,Y,S,N
S,F,G,G,G,R,G,S,R,G,S
G,G,R,G,S,R,G,S,A,G,G
G,G,P,D,D,R,G,M,G,G,S
D,F,L,G,G,R,G,G,S,R,P
R,P,G,D,R,R,A,G,P,P,M
N,Q,W,H,G,R,S,W,G,N,N
P,H,F,Y,L,R,C,L,G,K,N
K,Q,C,T,F,R,F,P,S,T,A
L,T,A,N,L,R,L,P,M,A,S
Y,L,G,G,P,R,G,V,A,P,S
Q,F,G,G,Q,R,R,P,L,L,S
F,G,G,Q,R,R,P,L,L,S,Q
V,H,S,P,P,R,F,T,N,Q,R
R,F,T,N,Q,R,A,P,A,P,L
Q,F,G,G,L,R,G,S,A,P,F
E,Q,T,P,S,R,F,H,F,Q,G
M,K,P,G,P,R,P,L,L,E,L
F,E,R,M,R,R,G,A,Y,G,G
R,V,S,A,G,R,G,S,M,S,S
V,S,P,R,A,R,F,P,I,S,I
Q,L,E,V,G,R,P,Q,A,P,L
C,G,Q,V,L,R,G,G,V,I,Q
R,S,K,S,S,R,F,S,G,G,F
S,F,S,S,S,R,A,S,S,S,R
G,H,G,S,S,R,G,F,G,G,G
R,A,E,K,R,R,W,S,R,D,L
G,D,D,D,V,R,T,D,L,K,Q
P,A,N,G,F,R,G,G,Y,D,G
G,Y,D,G,Y,R,P,S,F,S,N
P,P,R,P,N,R,G,M,P,Q,M
G,G,F,G,G,R,G,G,G,R,G
G,R,G,G,G,R,G,G,F,G,G
G,G,F,G,G,R,G,G,G,R,G
G,R,G,G,G,R,G,G,G,R,G
G,R,G,G,G,R,G,G,F,G,G
G,G,F,G,G,R,G,R,G,G,F
F,G,G,R,G,R,G,G,F,G,G
G,G,F,G,G,R,G,G,F,R,G
G,R,G,G,F,R,G,G,R,G,G
G,F,R,G,G,R,G,G,G,G,G
P,Y,G,C,G,R,S,Q,P,R,M
R,G,P,P,P,R,G,G,M,A,Q
K,L,G,S,G,R,G,T,G,Q,M
M,G,L,N,P,R,G,M,Q,G,P
L,G,D,G,P,R,A,P,F,N,Q
G,S,N,W,G,R,G,S,N,M,N
T,M,H,V,G,R,G,G,D,V,F
H,S,G,I,A,R,S,P,H,P,S
P,H,T,A,I,R,Y,P,P,H,L
P,P,G,L,P,R,L,A,L,P,P
M,P,P,P,T,R,G,R,G,R,G
F,Q,V,G,A,R,G,R,G,G,R
G,A,A,P,S,R,G,R,G,A,A
G,A,A,P,P,R,G,R,A,G,Y
A,G,Y,S,Q,R,G,G,P,G,S
S,A,R,G,V,R,G,A,R,G,G
G,V,R,G,A,R,G,G,A,Q,Q
P,W,Q,A,N,R,P,T,A,P,G
P,L,Q,A,A,R,G,T,I,Q,S
S,S,P,Q,N,R,F,P,C,Q,P
C,S,T,P,S,R,T,S,S,G,L
S,G,L,F,P,R,I,P,L,Q,P
R,Q,S,V,G,R,G,L,Q,L,T
S,V,S,P,D,R,G,S,T,P,T
T,A,V,S,G,R,G,L,A,K,H
Q,T,A,P,Y,R,G,G,P,R,G
Y,R,G,G,P,R,G,R,P,R,E
E,A,K,F,A,R,Y,N,L,P,N
V,T,P,L,A,R,R,D,I,L,I
S,F,T,D,L,R,H,P,T,D,L
H,R,Y,G,P,R,G,D,A,V,G
P,M,I,A,P,R,V,P,L,G,P
P,A,G,L,Y,R,Y,P,A,P,R
R,Y,P,A,P,R,F,P,I,A,S
S,M,A,H,G,R,A,R,P,P,M
S,Q,P,T,T,R,G,T,A,P,A
P,P,G,P,Q,R,Y,P,I,G,I
P,P,P,L,V,R,G,G,Q,Q,V
M,P,P,L,V,R,G,A,Q,I,H
S,A,T,A,P,R,G,V,L,H,T
S,E,V,S,G,R,G,V,Q,L,F
P,S,I,F,N,R,S,A,R,P,F
F,N,R,S,A,R,P,F,T,P,G
G,L,Q,G,Q,R,S,G,T,T,S
P,R,L,Q,G,R,G,G,E,L,F
Y,S,P,N,I,R,A,P,P,P,I
F,P,Q,A,A,R,T,L,P,N,K
V,Q,E,I,R,R,F,S,T,P,A
T,V,L,V,P,R,A,A,T,T,L
D,E,P,I,W,R,A,E,L,A,S
G,F,Q,V,A,R,P,R,F,S,A
Q,V,A,R,P,R,F,S,A,T,R
I,S,Q,L,F,R,G,S,G,A,G
T,T,S,G,I,R,A,T,L,T,P
T,V,L,A,P,R,L,P,Q,P,P
R,G,T,P,G,R,G,S,S,P,S
R,S,P,L,W,R,G,G,G,V,A
F,D,D,R,G,R,G,D,Y,D,G
D,G,I,G,G,R,G,D,R,S,G
G,H,G,G,S,R,G,F,G,G,G
R,D,R,Y,Y,R,N,Y,Y,G,Y
G,Y,Q,G,Y,R,X,X,X,X,X
G,G,G,P,L,R,F,E,G,P,Q
G,G,C,P,L,R,F,E,G,P,P
V,G,T,P,L,R,F,E,G,P,I
S,G,A,A,I,R,F,D,G,P,H
P,G,G,G,I,R,F,E,G,P,L
Q,G,V,G,M,R,F,E,G,P,H
L,G,G,N,L,R,F,E,G,P,H
P,G,V,G,I,R,F,E,G,P,L
Q,G,G,G,M,R,F,E,G,P,S
D,G,V,P,Q,R,F,D,G,P,Q
H,Q,Q,A,S,R,F,D,I,P,L
G,G,G,G,F,R,G,F,S,S,G
R,H,G,G,G,R,G,G,S,G,G
G,S,Y,G,G,R,G,G,G,G,G
S,G,G,G,S,R,G,G,S,G,G
R,E,G,H,G,R,G,R,G,R,P
G,H,G,R,G,R,G,R,P,E,V
G,R,G,R,G,R,P,E,V,I,Q
L,C,A,L,G,R,G,I,P,I,L
P,F,N,L,L,R,M,T,G,P,I
F,S,P,P,P,R,H,H,L,D,P
S,R,F,A,P,R,G,A,P,H,F
G,A,P,H,F,R,F,I,I,A,G
S,V,T,D,S,R,P,L,N,P,S
T,L,P,A,Q,R,A,A,S,P,Y
I,P,P,A,P,R,G,V,P,Q,I
S,A,T,L,N,R,L,T,V,P,R
R,L,T,V,P,R,Y,S,I,P,T
R,E,E,L,L,R,H,Q,L,L,E
T,P,S,P,M,R,F,T,F,P,Q
L,A,M,S,A,R,F,P,S,T,P
Q,L,Q,Q,Q,R,M,Q,L,A,Q
T,V,G,Q,L,R,A,Q,L,Q,G
P,L,V,T,M,R,P,A,S,Q,A
L,P,A,G,V,R,M,V,V,P,T
L,S,S,K,V,R,L,S,S,P,S
Q,T,Y,G,A,R,G,K,G,R,T
S,E,V,I,G,R,G,G,P,R,K
Q,G,T,R,G,R,G,S,G,A,P
G,S,L,G,S,R,G,R,R,R,K
L,T,P,S,P,R,G,G,P,F,N
S,L,R,G,W,R,G,G,G,P,S
F,Q,L,P,P,R,A,A,S,A,A
M,Y,V,P,A,R,S,G,R,G,R
N,E,A,R,R,R,S,T,L,F,L
R,E,L,G,Y,R,A,G,L,G,S
A,L,P,W,A,R,G,G,S,G,G
V,S,P,A,P,R,P,S,S,L,P
G,L,F,D,I,R,S,S,P,T,G
L,S,G,A,S,R,S,L,S,P,T
D,A,S,P,G,R,G,S,H,S,Q
G,P,G,P,Q,R,Q,G,P,P,L
Q,G,R,Q,S,R,P,V,A,G,G
A,P,P,A,A,R,P,P,A,S,P
S,P,S,P,Q,R,Q,A,G,A,P
T,T,Q,Q,P,R,P,S,G,P,G
E,P,A,P,P,R,P,S,L,S,Q
N,Q,P,S,A,R,R,G,F,R,R
N,F,R,N,Q,R,K,M,V,K,C
N,C,R,A,P,R,K,K,G,C,W
G,A,L,A,H,R,L,P,T,T,G
P,H,F,Y,L,R,C,L,G,K,N
M,G,E,C,T,R,G,G,F,C,N
Q,L,Q,Q,Q,R,M,Q,L,A,Q
H,P,G,S,P,R,G,S,L,S,R
S,I,P,N,Q,R,M,P,T,M,P
P,M,L,D,I,R,P,G,L,I,P
Q,A,P,G,P,R,F,P,L,I,Q
R,E,N,L,V,R,P,G,I,D,H
L,K,T,K,P,R,F,D,F,A,N
S,G,L,P,N,R,L,P,P,G,A
G,F,P,A,P,R,I,G,P,Q,P
N,G,Q,G,L,R,A,T,R,P,S
F,P,R,S,G,R,G,T,G,R,G
G,R,G,T,G,R,G,G,G,G,G
G,G,G,A,P,R,G,R,Y,G,P
G,A,P,R,G,R,Y,G,P,P,S
T,W,D,L,L,R,L,P,L,D,R
S,Q,T,P,Q,R,Y,P,M,T,M
V,A,M,G,P,R,Q,H,Y,P,Y
K,P,V,H,V,R,P,P,M,P,P
P,P,M,P,P,R,Y,P,A,P,Y
L,S,P,L,Q,R,A,Q,L,L,G
P,S,Q,F,A,R,V,P,G,F,V
S,M,W,G,P,R,A,V,Q,V,P
P,A,G,V,G,R,G,G,G,V,A
V,Q,R,S,M,R,G,G,Y,I,G
T,E,K,R,G,R,G,R,P,R,K
T,P,K,R,P,R,G,R,P,K,G
K,R,P,R,G,R,P,K,G,S,K
L,S,R,H,L,R,G,H,G,P,Q
T,G,P,G,G,R,G,G,A,G,G
P,G,G,T,S,R,G,K,P,A,V
Q,L,L,R,S,R,G,P,S,Q,V
P,S,Q,V,D,R,E,G,P,G,T
G,H,S,D,I,R,L,P,P,A,E
R,V,S,A,G,R,G,S,I,S,S
Y,R,D,R,D,R,D,L,Y,P,D
L,G,N,I,S,R,G,G,S,G,G
V,A,S,A,G,R,G,A,G,R,E
L,F,P,R,Y,R,P,Q,Q,G,M
P,Q,Q,G,M,R,Y,S,Y,Q,P
A,D,P,K,G,R,S,A,L,L,A
E,N,I,F,S,R,G,A,N,R,M
G,R,A,I,P,R,G,T,P,G,P
E,L,N,G,G,R,G,H,A,S,R
V,A,Q,P,V,R,G,C,G,P,P
C,G,P,P,R,R,G,A,S,Q,A
F,P,L,P,G,R,G,E,V,W,G
S,G,P,A,G,R,G,R,G,G,E
P,A,G,R,G,R,G,G,E,H,G
N,L,A,Q,L,R,L,Q,H,M,Q
V,Q,T,M,Q,R,G,N,M,N,C
Q,A,H,Q,M,R,L,A,Q,N,A
A,Q,N,A,A,R,I,P,G,I,P
I,P,G,I,P,R,H,S,A,P,Q
R,F,I,Q,P,R,P,T,L,N,Q
P,P,P,L,I,R,P,A,N,S,M
P,K,P,P,H,R,G,G,G,E,P
G,G,G,E,P,R,G,G,R,Q,H
E,P,R,G,G,R,Q,H,H,P,P
R,Q,E,E,E,R,R,R,R,E,E
G,G,Q,G,P,R,G,M,G,P,G
P,A,G,Y,G,R,G,R,E,E,Y
G,Y,G,R,G,R,E,E,Y,E,G
F,S,Q,I,Y,R,F,S,L,S,D
Q,K,A,A,L,R,M,S,Q,S,T
T,F,N,N,P,R,P,G,Q,L,G
L,R,M,Q,P,R,P,G,L,R,P
P,R,P,G,L,R,P,T,G,I,V
Q,P,N,Q,L,R,L,Q,L,Q,H
Q,A,Q,Q,N,R,Q,P,L,M,N
V,N,L,T,L,R,P,G,V,P,T
L,A,Q,R,Q,R,E,I,L,N,Q
S,V,L,P,Q,R,F,P,Q,F,Q
P,G,Q,A,A,R,Y,P,W,M,A
Y,G,P,G,P,R,G,Y,N,N,Q
K,R,G,S,Y,R,G,G,S,I,S
W,G,R,L,H,R,S,P,L,T,F
F,P,A,W,V,R,P,P,E,A,A
T,L,H,V,G,R,G,G,D,A,F
L,G,D,G,P,R,A,P,F,N,Q
E,H,G,P,D,R,G,P,F,R,G
R,E,F,E,G,R,G,G,P,L,P
R,G,S,K,G,R,G,G,P,G,P
G,S,N,W,G,R,G,S,N,M,N
M,S,P,G,N,R,M,P,M,A,G
A,A,A,P,L,R,P,G,M,P,P
G,P,G,P,L,R,Q,Q,G,P,P
F,D,F,L,G,R,A,G,S,P,R
F,P,V,P,I,R,Q,P,L,K,A
I,A,Q,P,V,R,S,F,L,Q,P
S,S,V,G,A,R,G,R,G,L,G
R,R,E,G,T,R,G,S,S,W,S
R,D,R,A,S,R,G,R,G,G,L
R,A,S,R,G,R,G,G,L,G,P
G,S,G,G,S,R,G,K,F,V,S
A,S,S,E,P,R,L,T,L,A,P
A,P,V,G,P,R,A,A,V,S,P
P,S,E,R,P,R,L,V,L,S,S
V,L,S,S,P,R,P,V,L,A,P
A,G,S,S,G,R,G,G,Q,T,V
P,P,S,Y,G,R,G,G,E,V,R
P,D,G,T,G,R,R,V,I,Q,N
A,S,V,Y,P,R,H,F,G,P,V
P,P,S,Q,G,R,G,R,G,F,A
S,Q,G,R,G,R,G,F,A,G,V
V,G,G,P,A,R,G,R,P,R,G
I,P,P,A,P,R,G,V,P,Q,I
A,A,A,A,S,R,G,A,P,R,T
S,R,F,A,P,R,G,A,P,H,F
G,A,P,H,F,R,F,I,I,A,G
P,S,P,A,S,R,Y,V,Q,K,L
A,P,R,P,S,R,G,P,S,P,G
P,A,S,I,F,R,T,P,L,Q,L
S,L,T,W,A,R,G,R,M,D,T
E,N,I,N,H,R,G,G,Y,H,G
P,Q,A,Q,G,R,P,P,Y,Y,T
Q,L,A,Q,M,R,P,N,P,R,W
M,R,P,N,P,R,W,Q,Q,G,G
M,P,S,A,I,R,Q,S,G,P,R
A,A,A,A,P,R,A,V,A,P,Y
Y,A,S,S,V,R,S,P,H,P,A
P,L,Y,P,L,R,P,E,P,P,Q
I,S,W,R,V,R,G,G,G,P,A
W,N,S,T,A,R,S,R,A,P,Y
P,T,P,V,S,R,W,I,Y,P,Q
P,H,A,T,C,R,G,G,S,R,C
P,P,P,A,G,R,G,A,P,P,P
P,P,A,R,G,R,G,A,P,P,P
I,S,A,L,L,R,R,R,R,R,R
V,S,G,E,P,R,F,P,S,H,L
P,L,L,A,A,R,L,V,P,P,R
P,F,M,P,P,R,M,K,M,D,R
S,A,Q,P,P,R,T,Q,T,P,P
R,L,G,A,V,R,G,G,L,M,S
R,A,A,S,L,R,G,G,V,G,A
P,L,T,S,L,R,Q,Y,P,P,R
S,K,S,H,L,R,H,A,I,P,S
S,Q,S,P,L,R,G,G,M,T,E
E,P,R,P,L,R,A,A,S,P,F
S,T,K,R,G,R,G,G,G,E,A
A,A,K,S,S,R,G,N,G,H,F
A,G,A,G,A,R,G,G,A,A,A
H,H,Q,A,Q,R,F,R,L,D,N
P,D,F,R,P,R,E,A,F,L,G
E,A,F,L,G,R,D,P,F,H,S
S,A,P,G,S,R,S,G,S,R,S
R,S,G,S,R,R,G,S,F,D,A
P,R,M,G,S,R,A,G,G,P,T
C,S,L,E,I,R,K,P,S,P,F
Q,L,G,G,G,R,G,V,S,T,C
S,T,C,S,T,R,F,V,S,G,G
G,P,V,G,P,R,L,L,G,P,P
R,G,G,P,M,R,G,G,P,G,P
G,W,K,R,L,R,G,M,G,R,A
L,R,G,M,G,R,A,E,A,M,A
P,S,K,K,G,R,G,A,L,L,A
A,A,D,P,P,R,Y,T,F,A,P
E,K,R,R,G,R,G,T,G,E,A
N,A,E,Y,L,R,V,A,P,Q,S
A,A,S,L,G,R,G,R,P,G,G
K,P,V,H,V,R,P,P,M,P,P
P,P,M,P,P,R,Y,P,A,P,Y
L,S,P,L,Q,R,A,Q,L,L,G
V,A,A,V,F,R,G,R,M,S,M
T,S,Q,Q,Y,R,P,L,A,S,V
G,G,G,S,V,R,I,G,S,G,G
S,G,G,V,F,R,A,P,S,I,H
G,G,S,G,G,R,G,V,S,V,S
S,V,S,S,T,R,F,V,T,S,S
S,Y,G,G,V,R,G,G,S,F,S
Y,S,Y,C,G,R,G,F,Y,P,Q
R,Q,Q,R,N,R,G,F,G,Q,S
P,P,K,F,P,R,A,A,P,L,T
L,L,V,T,T,R,G,R,N,R,L
A,Y,Y,L,P,R,H,L,A,P,N
F,T,V,T,G,R,G,S,P,S,R
F,P,G,A,L,R,G,S,P,P,F
S,G,S,S,G,R,G,A,G,P,L
A,L,P,S,S,R,G,G,P,G,K
P,P,K,R,A,R,G,G,L,W,D
E,R,S,R,A,R,G,W,A,G,V
W,C,N,V,V,R,W,E,F,K,H
L,Q,T,Y,A,R,G,R,T,T,Y
R,A,A,M,Q,R,G,S,L,P,A
R,G,M,D,T,R,G,P,V,P,G
P,V,P,G,P,R,G,P,I,P,S
P,P,A,F,N,R,A,A,P,G,A
R,G,P,P,S,R,G,G,H,M,D
T,M,S,S,S,R,G,P,L,P,V
G,P,P,P,K,R,S,A,P,S,G
P,S,G,P,V,R,S,S,S,G,L
P,G,E,G,L,R,P,S,L,P,T
G,P,P,A,L,R,F,E,S,P,A
P,P,L,G,P,R,Y,A,V,F,P
P,D,G,R,S,R,L,P,F,A,A
P,S,L,E,Y,R,Q,H,L,L,L
P,P,Q,K,V,R,I,N,L,Q,Q
L,T,L,E,I,R,K,P,C,P,Y
T,P,K,Q,L,R,M,Q,L,Q,Q
M,Q,L,Q,Q,R,L,Q,G,Q,Q
F,L,N,Q,S,R,Q,A,L,E,M
P,P,Y,G,P,R,S,R,P,Y,G
Y,G,P,R,S,R,P,Y,G,S,S
S,S,H,S,P,R,H,G,G,S,F
S,F,P,G,G,R,F,G,S,P,S
P,Q,G,S,P,R,T,S,T,P,F
G,L,S,R,V,R,E,S,L,T,L
P,D,F,R,P,R,E,P,F,L,S
E,P,F,L,S,R,D,P,F,H,S
A,A,K,S,S,R,G,N,G,H,F
T,L,V,S,A,R,A,A,A,P,P
G,A,M,P,A,R,G,G,K,R,R
L,R,L,T,G,R,G,G,G,G,G
V,V,G,A,P,R,G,R,S,S,S
G,A,P,R,G,R,S,S,S,R,G
E,G,V,F,G,R,G,G,G,R,E
S,G,G,G,R,R,G,A,A,A,A
S,P,G,R,S,R,G,P,G,G,D
D,F,L,G,G,R,G,G,S,R,P
E,A,A,R,G,R,G,G,G,A,E
A,T,E,A,G,R,G,G,R,R,R
A,E,L,R,G,R,G,W,G,Q,Q
I,P,G,Q,G,R,S,T,Y,V,V
N,R,G,P,P,R,G,G,P,G,G
G,S,D,K,R,R,G,G,P,P,G
G,P,P,I,N,R,G,L,P,L,V
F,E,R,M,R,R,G,A,Y,G,G
D,L,P,F,I,R,I,S,P,H,R
G,P,A,A,G,R,G,T,P,K,G
P,Y,C,S,L,R,Q,L,F,G,E
H,S,V,L,V,R,S,A,Q,P,V
Y,Q,K,A,A,R,G,G,G,A,A
R,A,P,G,P,R,G,S,Y,L,G
G,Y,S,A,G,R,G,I,Y,S,R
P,V,N,N,V,R,P,G,F,P,V
A,L,R,I,A,R,G,T,A,C,N
P,Q,A,Q,G,R,P,P,Y,Y,T
Q,L,A,Q,M,R,P,N,P,R,W
M,R,P,N,P,R,W,Q,Q,G,G
M,P,S,A,I,R,Q,S,G,P,R
A,A,A,A,P,R,A,V,A,P,Y
Y,A,S,S,V,R,S,P,H,P,A
Q,V,Y,G,A,R,S,E,P,P,A
A,S,M,G,P,R,Y,N,T,Y,V
L,P,Q,H,Q,R,G,G,F,G,G
T,V,G,V,G,R,G,R,F,T,T
L,E,N,P,T,R,Y,H,L,Q,Q
A,E,A,K,Y,R,S,A,S,S,A
Y,F,S,G,S,R,G,S,V,Q,G
A,M,N,M,G,R,P,F,Q,K,N
G,N,I,I,P,R,G,A,A,G,K
T,I,A,T,A,R,G,I,K,R,K
G,T,T,V,T,R,G,A,L,P,V
V,P,P,I,A,R,G,V,P,T,P
L,D,L,G,G,R,G,G,V,Q,V
P,F,M,S,P,R,Y,A,G,G,P
Y,A,G,G,P,R,P,P,I,R,M
P,R,P,P,I,R,M,G,N,Q,P
T,P,L,A,V,R,A,L,T,P,V
V,T,A,E,P,R,E,L,L,E,A
V,A,A,E,E,R,V,K,F,F,R
T,E,A,D,A,R,A,Q,A,A,V
D,A,T,A,E,R,D,M,A,V,W
L,V,E,A,E,R,V,K,A,E,R
G,T,G,S,R,R,G,P,L,A,G
F,S,P,P,P,R,H,H,L,D,P
R,F,I,Q,P,R,P,T,L,N,Q
P,P,P,L,I,R,P,A,N,S,M
Y,S,Y,G,M,R,G,G,A,Y,P
G,A,Y,P,P,R,Y,F,Y,P,F
R,S,G,L,P,R,P,S,A,P,S
G,I,P,V,P,R,S,K,L,V,Q
S,V,G,E,L,R,L,L,F,E,A
A,A,G,E,P,R,A,R,G,A,K
R,G,A,K,R,R,G,G,Q,V,P
S,V,L,P,Q,R,F,P,Q,F,Q
Q,F,Q,Q,H,R,A,V,Y,N,S
P,G,Q,A,A,R,Y,P,W,M,A
P,L,D,F,P,R,L,P,D,P,Q
A,S,S,P,G,R,G,G,I,S,W
D,E,Q,R,N,R,G,A,L,L,Q
P,W,N,S,V,R,V,T,F,N,I
D,P,K,S,I,R,L,P,V,S,Q
N,V,H,P,P,R,G,P,L,N,P
S,P,D,K,Q,R,M,P,M,S,V
R,H,L,Q,Q,R,P,S,G,Y,V
L,T,S,T,Q,R,F,S,H,Q,T
D,G,L,R,G,R,G,V,G,S,P
G,H,M,A,S,R,G,G,V,A,G
G,G,V,A,G,R,G,G,F,A,Q
M,G,E,L,Y,R,G,A,M,T,S
D,I,G,L,S,R,G,F,G,D,S
F,P,A,G,A,R,Y,A,G,A,G
V,G,E,P,H,R,G,P,G,L,P
H,G,G,T,G,R,S,L,S,S,P
P,Y,T,T,T,R,Y,G,S,P,I
K,V,H,S,G,R,G,A,E,V,E
L,A,S,Q,Y,R,A,M,M,P,P
A,N,K,S,L,R,G,R,G,P,P
K,S,L,R,G,R,G,P,P,P,S
L,K,A,K,Q,R,A,E,V,L,Q
L,Q,S,T,Q,R,F,F,S,E,Q
M,P,P,L,V,R,G,A,Q,Q,I
Q,I,H,S,I,R,Q,H,S,S,T
L,L,L,A,P,R,A,S,V,P,S
Q,I,Q,G,Q,R,I,I,Q,Q,G
S,A,T,T,P,R,G,V,L,H,T
D,P,E,N,F,R,L,L,G,N,A
S,R,G,A,G,R,G,L,E,K,P
A,L,V,L,A,R,G,G,S,K,G
L,S,S,K,G,R,G,S,L,A,S
R,G,G,P,M,R,G,G,P,G,P
G,P,P,N,G,R,G,G,P,G,G
S,G,L,G,S,R,G,L,T,L,A
A,E,D,L,L,R,F,T,V,P,I
T,A,A,A,F,R,G,A,H,L,R
V,Y,G,A,V,R,A,V,P,P,T
G,Y,A,A,Y,R,Y,A,Q,P,A
V,A,S,L,Y,R,G,G,Y,S,R
R,G,G,Y,S,R,F,A,P,Y,X
V,P,P,S,K,R,G,T,V,G,A
S,A,P,P,G,R,R,H,D,L,Y
A,P,P,G,R,R,H,D,L,Y,D
D,P,M,G,A,R,G,Q,C,M,S
M,S,G,A,S,R,L,P,S,L,F
M,F,Q,G,M,R,G,G,G,A,F
L,S,W,K,G,R,G,G,P,G,D
P,G,P,G,G,R,G,R,G,R,G
P,G,G,R,G,R,G,R,G,Q,G
G,R,G,R,G,R,G,Q,G,N,W
Y,Q,M,S,L,R,G,K,A,S,G
K,Q,T,L,P,R,G,A,P,A,Y
V,T,P,L,A,R,G,T,F,Q,R
L,M,N,G,Y,R,G,P,A,N,G
P,A,N,G,F,R,G,G,Y,D,G
G,Y,D,G,Y,R,P,S,F,S,N
P,P,R,P,N,R,G,M,P,Q,M
S,P,A,D,T,R,L,P,A,F,L
A,F,L,S,L,R,F,L,K,A,P
R,R,L,V,G,R,G,V,G,P,V
S,K,E,G,G,R,G,G,I,S,S
N,Y,M,G,G,R,G,L,G,G,P
P,Y,G,C,G,R,S,Q,T,R,I
L,H,G,Q,L,R,G,L,I,P,G
K,V,A,A,C,R,G,G,Q,N,L
N,A,E,C,G,R,G,G,P,G,P
Q,G,T,T,G,R,A,G,H,L,A
L,P,A,P,P,R,G,G,S,P,L
P,T,K,L,Q,R,G,G,S,A,P
A,Y,A,A,P,R,G,S,S,P,K
G,I,P,V,P,R,S,K,L,A,Q
V,L,G,K,G,R,G,A,A,A,A
L,R,D,R,G,R,G,I,L,I,L
T,P,L,G,P,R,L,L,F,G,S
G,G,S,G,R,R,G,G,R,F,S
G,R,R,G,G,R,F,S,A,Q,G
N,R,R,S,G,R,G,G,S,G,V
S,G,K,R,V,R,A,S,L,D,S
R,A,A,E,P,R,Y,P,P,H,G
T,P,T,V,L,R,W,A,R,S,T
P,F,G,C,Q,R,G,G,M,I,V
R,S,G,F,P,R,V,L,I,D,P
S,G,L,P,N,R,L,P,P,G,A
R,F,L,Q,P,R,L,A,P,N,Q
R,A,G,S,R,R,G,S,F,D,A
A,L,G,S,P,R,L,V,R,R,A
G,K,G,I,G,R,G,T,V,Q,A
G,Y,A,A,Y,R,Y,A,Q,P,T
Q,A,S,I,Y,R,G,G,Y,N,R
T,I,M,T,L,R,T,S,P,P,G
S,P,A,A,A,R,A,G,L,V,V
M,F,N,S,H,R,L,G,L,D,N
N,L,W,K,R,R,G,S,S,G,E
N,E,K,S,T,R,G,Q,H,L,W
G,F,G,N,S,R,G,G,G,A,G
P,T,I,P,A,R,A,G,V,I,S
R,P,S,I,K,R,G,A,S,L,H
S,E,K,D,G,R,S,P,N,K,R
P,S,M,S,V,R,G,G,G,A,G
V,A,A,V,F,R,G,R,M,S,M
T,S,F,Q,P,R,T,A,T,V,T
A,T,V,T,I,R,P,N,T,S,G
T,G,P,Q,I,R,P,G,M,T,V
G,M,T,V,I,R,T,P,L,Q,Q
L,H,F,N,Q,R,G,T,W,L,A
G,R,F,G,S,R,G,G,P,G,G
P,G,G,G,F,R,P,F,V,P,H
D,R,G,Q,G,R,G,G,G,G,G
G,V,G,G,L,R,V,P,A,P,V
Q,M,G,T,N,R,G,A,S,Q,A
G,Y,G,M,P,R,Q,I,L,X,X
E,R,S,L,G,R,G,L,F,V,D
M,S,Y,S,I,R,H,S,I,S,M
P,A,A,A,A,R,G,A,P,V,A
A,S,R,G,A,R,L,P,G,P,V
G,Q,G,A,A,R,G,F,K,S,N
R,C,V,H,P,R,G,G,V,I,Q
G,N,S,M,P,R,G,S,G,S,G
G,S,G,G,G,R,G,G,A,S,G
A,S,R,P,R,R,G,G,I,P,A
A,S,H,L,P,R,G,A,A,A,A
L,Q,T,H,G,R,G,S,P,I,P
A,R,G,T,S,R,G,Q,Y,H,T
S,S,H,R,S,R,G,V,G,G,A
G,V,G,A,P,R,L,P,L,P,Y
G,Y,A,A,Y,R,Y,A,Q,P,A
W,G,M,I,P,R,G,P,A,S,Q
T,S,L,S,P,R,Q,S,G,P,Q
G,G,V,R,S,R,V,G,I,Q,Q
R,V,T,V,A,R,G,S,A,L,E
G,R,L,P,S,R,P,P,L,P,G
G,R,G,R,A,R,G,G,C,P,G
A,T,F,P,S,R,G,A,K,A,S
V,A,T,Y,G,R,G,Y,P,G,F
A,V,A,A,A,R,G,S,G,S,N
C,S,L,A,G,R,G,V,S,S,R
G,G,T,L,G,R,A,G,A,G,R
R,A,G,A,G,R,G,A,P,E,G
R,A,F,S,S,R,S,Y,T,S,G
S,G,P,G,S,R,I,S,S,S,S
S,S,S,F,S,R,V,G,S,S,N
G,S,S,N,F,R,G,G,L,G,G
S,S,S,Q,G,R,G,L,K,P,H
I,N,S,P,A,R,G,T,P,S,P
T,P,C,F,G,R,G,K,T,L,K
P,R,T,Q,G,R,G,G,P,A,S
A,A,A,R,K,R,G,K,P,A,S
T,I,G,R,S,R,G,A,I,I,S
R,T,L,A,F,R,G,G,G,G,G
G,G,C,G,G,R,G,S,K,V,A
G,P,G,T,K,R,G,F,G,F,G
S,R,G,L,G,R,G,G,G,G,P
T,P,S,S,F,R,Q,P,F,T,P
A,Q,S,G,T,R,G,G,A,G,N
M,P,P,G,G,R,G,R,G,R,G
P,G,G,R,G,R,G,R,G,Q,G
G,R,G,R,G,R,G,Q,G,N,W
G,L,V,I,G,R,G,G,E,N,V
Y,A,A,H,G,R,G,A,L,A,E
F,N,Y,E,Q,R,G,A,F,R,G
L,E,Q,F,A,R,G,V,G,L,R
T,E,V,A,K,R,G,G,Q,H,T
T,S,Y,S,Y,R,Q,S,S,A,T
G,G,G,S,V,R,F,G,P,G,V
P,G,V,A,F,R,A,P,S,I,H
G,G,S,G,G,R,G,V,S,V,S
S,V,S,S,A,R,F,V,S,S,S
Y,W,S,H,P,R,K,F,G,Q,G
S,T,F,I,G,R,A,A,A,K,N
G,A,A,G,G,R,G,K,G,A,Y
G,K,G,F,L,R,G,V,V,G,G
I,H,K,S,F,R,G,S,N,F,T
R,R,M,S,G,R,G,V,G,S,V
P,V,P,A,G,R,L,A,T,P,F
R,E,A,R,G,R,G,D,A,S,G
E,V,S,G,F,R,G,G,G,G,G
I,T,Y,S,I,R,P,E,A,L,H
A,L,H,S,P,R,A,P,L,Q,P
G,R,F,G,S,R,G,G,P,G,G
P,G,G,G,F,R,P,F,V,P,H
Y,N,Y,N,M,R,G,G,A,Y,P
G,A,Y,P,P,R,Y,F,Y,P,F
Q,R,R,R,T,R,G,T,P,P,G
W,K,T,R,G,R,G,A,A,N,D
M,I,Y,S,T,R,Y,G,S,P,K
L,Y,H,Y,G,R,G,M,N,P,A
Y,Q,P,G,A,R,S,R,N,R,L
D,K,P,S,D,R,G,K,R,A,R
M,E,T,R,G,R,G,T,S,Q,L
R,R,E,G,T,R,G,S,S,W,S
N,Y,N,E,S,R,G,G,Q,S,N
R,D,R,A,S,R,G,R,G,G,L
R,A,S,R,G,R,G,G,L,G,P
G,S,G,G,S,R,G,K,F,V,S
P,R,G,G,G,R,G,A,L,P,T
H,G,N,F,P,R,L,S,Y,P,T
R,H,T,L,L,R,A,P,A,P,E
E,K,T,K,G,R,G,F,T,P,V
X,X,M,H,R,R,G,V,G,A,G
R,H,L,Y,L,R,G,G,A,G,V
S,V,P,T,G,R,A,M,P,S,R
A,T,P,G,G,R,G,D,M,K,Y
K,S,S,F,R,R,G,G,H,T,W
A,T,G,C,G,R,G,A,K,L,P
Q,P,V,A,V,R,G,G,G,G,K
E,S,S,G,G,R,G,L,K,K,G
D,Y,D,A,G,R,G,G,Y,G,K
S,G,L,G,A,R,G,S,S,Y,G
R,V,C,T,F,R,F,P,S,T,N
G,P,V,G,V,R,K,E,M,H,C
I,L,A,W,G,R,G,S,G,N,N
F,K,S,T,A,R,F,T,L,N,P
M,N,S,A,L,R,Q,M,S,Y,G
V,I,L,N,P,R,A,L,Q,P,S
C,G,A,A,I,R,H,F,D,G,A
T,S,C,G,P,R,A,L,L,T,L
M,D,T,C,E,R,C,N,G,K,G
P,C,V,V,C,R,G,A,G,Q,A
G,G,G,G,G,R,R,R,D,S,Y
K,T,S,V,Y,R,Q,Q,Q,P,T
V,P,Q,G,Q,R,L,R,Q,Q,L
A,G,A,T,S,R,G,G,Q,A,P
V,K,Q,G,G,R,G,A,G,A,T
M,T,Q,A,P,R,I,M,H,H,M
T,L,V,S,A,R,A,A,A,P,P
S,S,H,R,S,R,G,G,T,G,S
R,S,R,A,G,R,G,E,T,T,K
Q,T,G,W,P,R,G,V,T,Q,F
P,G,L,G,P,R,V,G,P,L,L
P,Y,A,R,N,R,P,P,F,G,Q
P,G,P,G,Y,R,X,X,X,X,X
T,I,K,T,K,R,S,I,Q,F,V
V,K,P,S,G,R,G,A,A,P,S
I,P,P,A,P,R,G,V,P,Q,I
S,T,C,V,V,R,F,A,K,T,G
K,T,G,A,L,R,G,A,A,L,G
V,R,G,A,S,R,G,F,S,S,G
Y,V,E,T,P,R,V,H,I,S,S
H,I,S,S,V,R,S,G,Y,S,T
K,K,S,R,R,R,G,A,A,Q,W
G,G,S,R,S,R,G,G,G,S,T
V,A,T,Y,G,R,G,Y,P,G,F
A,V,A,A,A,R,G,S,V,L,N
A,P,G,S,A,R,G,G,A,R,R
G,P,V,S,G,R,Y,R,H,S,M
V,S,G,R,Y,R,H,S,M,T,N
Q,H,P,P,H,R,T,A,S,V,F
S,L,S,G,A,R,S,A,P,R,L
P,E,Y,T,W,R,L,P,C,G,G
Q,S,N,Q,A,R,G,A,G,V,P
A,Q,Q,Q,K,R,G,G,F,G,G
G,G,F,G,G,R,N,R,G,R,P
G,R,A,S,K,R,G,G,G,G,S
V,S,W,R,G,R,G,G,A,P,A
Q,G,R,S,S,R,G,G,Q,Q,G
Q,G,R,S,S,R,G,G,Q,Q,G
Q,G,R,S,S,R,G,G,Q,Q,G
Q,G,R,S,S,R,G,G,Q,Q,G
Q,G,R,S,S,R,G,G,Q,Q,G
Q,G,R,S,S,R,G,G,Q,Q,G
Q,G,R,S,S,R,G,G,Q,Q,G
S,R,S,R,T,R,A,G,A,G,G
P,L,D,W,A,R,L,P,P,P,A
P,L,Q,S,A,R,S,L,P,G,N
K,V,G,A,G,R,G,V,L,V,T
A,T,R,L,T,R,G,G,L,G,E
G,E,A,E,P,R,G,R,H,R,R
A,L,Y,G,Q,R,L,A,S,A,S
G,E,N,V,K,R,R,V,P,L,D
L,Q,Y,S,C,R,L,Q,N,L,D
T,A,P,A,G,R,G,F,R,R,A
S,H,F,S,N,R,G,A,R,L,F
G,T,T,P,D,R,I,A,Q,I,T
P,G,P,G,G,R,G,R,G,R,G
P,G,G,R,G,R,G,R,G,Q,G
G,R,G,R,G,R,G,Q,G,N,W
F,S,G,I,G,R,S,G,Q,Q,P
X,X,M,S,K,R,P,S,Y,A,P
A,Y,N,N,Y,R,L,G,G,N,P
T,P,L,A,V,R,A,L,T,P,V
A,A,G,R,G,R,G,A,G,M,P
P,P,P,A,G,R,G,A,P,P,P
S,Q,G,Q,L,R,H,T,S,Q,G
F,Q,P,A,P,R,G,G,G,G,G
R,Q,T,V,N,R,G,G,G,G,F
K,L,Y,E,R,R,G,G,G,S,G
G,A,G,G,A,R,G,G,A,G,G
Q,I,T,F,G,R,G,S,S,Q,P
R,I,Q,G,G,R,G,S,P,S,G
F,G,H,G,L,R,P,V,D,V,G
T,E,Q,A,G,R,N,A,L,L,S
D,S,G,G,S,R,P,P,I,L,P
L,P,P,G,G,R,A,T,S,A,K
A,P,S,A,G,R,G,R,G,Q,A
I,L,A,W,G,R,G,S,G,T,N
K,A,A,S,R,R,G,G,D,H,M
F,G,N,M,C,R,G,G,R,M,F
R,H,Y,L,L,R,G,G,G,G,P
M,S,V,T,G,R,G,G,P,R,P
P,F,S,L,L,R,G,P,S,W,D
R,T,P,G,P,R,G,S,Y,L,G
G,Y,S,A,G,R,G,I,Y,S,R
I,T,S,A,R,R,S,Y,A,S,E
S,E,T,V,V,R,G,L,G,P,S
G,A,S,V,G,R,G,R,G,A,V
S,V,G,R,G,R,G,A,V,G,R
V,E,N,I,C,R,G,G,K,S,R
S,S,K,L,G,R,G,V,A,L,A
G,T,G,A,E,R,G,G,L,M,V
T,T,V,Q,Q,R,G,A,A,V,I
Q,Q,Q,A,L,R,F,R,G,P,A
Q,A,L,R,F,R,G,P,A,P,P
P,N,A,V,M,R,G,P,P,P,L
G,P,G,T,R,R,G,P,L,V,G
P,T,S,T,P,R,A,S,R,R,G
P,R,A,S,R,R,G,L,S,L,G
R,L,S,E,G,R,G,L,P,P,P
G,H,M,M,N,R,G,G,M,S,G
G,G,M,S,G,R,G,S,F,A,P
P,G,G,A,S,R,G,H,V,I,P
G,H,V,I,P,R,G,G,M,Q,A
G,G,E,V,G,R,G,Q,D,A,S
V,M,A,C,G,R,P,Q,G,T,A
V,A,E,Y,A,R,R,F,G,V,P
V,S,S,Y,R,R,T,F,G,G,A
S,P,V,F,P,R,A,G,F,G,T
G,L,G,S,L,R,S,S,R,L,G
I,V,T,D,G,R,P,Q,D,Q,V
S,V,G,Q,G,R,G,K,R,R,R
L,Q,L,G,P,R,P,P,P,V,A
P,G,A,G,D,R,G,G,G,G,P
M,P,P,G,G,R,G,R,G,R,G
P,G,G,R,G,R,G,R,G,Q,G
G,R,G,R,G,R,G,Q,G,N,W
G,L,V,I,G,R,G,G,E,N,V
G,D,S,L,A,R,G,G,K,G,F
R,G,N,R,S,R,G,A,G,S,F
A,R,P,G,S,R,G,G,P,L,G
I,P,V,Y,P,R,A,Y,L,P,T
G,E,Y,D,E,R,P,I,L,P,S
R,S,A,D,S,R,L,P,F,L,X
G,A,S,V,G,R,G,R,G,A,V
S,V,G,R,G,R,G,A,V,G,R
G,P,G,T,K,R,G,F,G,F,G
S,Q,S,W,S,R,G,S,P,S,T
A,L,Y,A,P,R,L,P,P,I,P
K,P,H,R,N,R,G,S,P,G,G
P,T,I,C,R,R,G,G,T,W,F
F,P,R,S,G,R,G,T,G,R,G
G,R,G,T,G,R,G,G,G,G,G
G,G,G,A,P,R,G,R,Y,G,P
S,L,H,N,S,R,G,T,S,S,S
S,E,M,S,A,R,C,G,F,D,D
G,H,G,E,E,R,G,G,G,A,K
Y,S,Y,C,G,R,G,F,Y,P,Q
P,E,S,S,S,R,G,G,S,L,E
P,G,S,F,G,R,G,G,S,L,G
R,R,G,A,G,R,G,G,G,A,P
W,K,T,K,G,R,G,A,A,N,D
S,G,L,G,A,R,G,S,S,Y,G
A,F,G,N,S,R,A,Q,D,V,Q
S,G,L,L,P,R,A,V,P,Q,G
S,T,S,S,L,R,A,S,M,T,S
K,A,R,R,R,R,G,G,V,S,A
I,N,N,K,A,R,A,G,S,A,F
V,G,E,E,R,R,G,G,G,G,T
G,P,G,G,R,R,G,G,G,S,G
A,G,S,P,S,R,G,G,I,W,Q
G,P,A,E,E,R,S,G,G,G,A
A,D,Q,V,S,R,E,Y,G,G,E
F,G,G,A,G,R,G,L,Y,G,I
A,Q,P,M,M,R,P,P,F,G,A
A,L,S,E,P,R,T,S,L,W,S
T,L,N,Q,L,R,L,S,P,V,P
G,Q,L,D,V,R,M,T,S,P,S
G,G,F,F,P,R,A,G,L,A,V
G,G,P,M,G,R,G,G,Y,G,G
S,G,G,G,G,R,G,G,F,P,S
D,N,F,C,M,R,G,L,S,N,F
H,G,V,S,H,R,G,G,W,R,I
T,A,V,A,Y,R,G,A,H,L,R
G,Y,A,A,Y,R,Y,A,Q,P,A
S,P,S,R,S,R,L,S,Y,A,G
S,Y,A,G,G,R,P,P,S,Y,A
S,G,P,P,S,R,G,S,P,V,R
A,A,R,L,C,R,A,G,A,H,R
R,M,G,E,P,R,A,P,L,V,P
Q,Q,G,A,V,R,P,Q,T,L,N
S,H,R,R,H,R,G,G,D,L,G
P,A,L,T,P,R,K,R,A,T,V
I,L,P,G,D,R,K,P,L,Y,H
L,Y,H,Y,G,R,G,I,N,P,A
D,W,S,Q,I,R,Y,P,P,P,P
P,F,S,L,L,R,S,P,S,W,E
A,R,P,G,S,R,G,P,A,P,G
T,V,G,V,G,R,G,R,F,T,T
G,V,A,Q,V,R,P,T,G,I,L
Q,L,P,L,T,R,M,P,S,V,S
A,S,P,A,P,R,G,G,P,E,H
P,V,L,Q,P,R,G,G,T,S,P
P,G,G,F,G,R,G,S,Q,G,G
L,A,T,P,K,R,G,G,N,N,N
Y,L,F,V,D,R,A,V,I,Y,N
K,N,R,L,R,R,G,G,P,I,S
S,F,S,S,S,R,S,G,R,R,Q
A,D,Y,F,G,R,G,V,F,N,K
L,M,E,A,G,R,G,T,G,S,A
G,M,A,E,P,R,A,R,A,A,R
L,S,S,P,T,R,G,G,V,K,K
R,V,S,S,T,R,G,S,L,G,G
Y,E,T,S,D,R,C,Y,T,T,E
G,F,G,N,S,R,G,G,G,A,G
Y,Q,E,L,P,R,C,P,A,P,A
R,L,A,V,Q,R,G,G,T,F,Q
G,F,R,G,G,R,G,G,G,G,D
Q,P,V,G,L,R,G,G,G,G,K
S,I,V,G,G,R,G,M,G,S,R
G,P,R,F,T,R,G,G,G,G,L
Q,T,G,W,P,R,G,V,N,Q,F
D,E,D,C,Q,R,G,G,Q,K,K
S,M,R,L,H,R,G,A,P,A,N
E,L,L,K,C,R,Q,P,A,P,P
S,S,P,G,P,R,L,V,F,N,R
P,G,G,M,S,R,G,R,G,R,R
L,E,L,R,H,R,G,G,C,P,G
G,G,E,R,A,R,G,G,G,A,G
M,I,Y,S,T,R,Y,G,S,P,K
T,S,Q,W,P,R,A,G,A,P,S
P,A,G,V,G,R,G,G,G,A,A
I,Y,H,P,V,R,Y,Y,Y,I,Q
V,T,Y,N,C,R,A,P,Q,S,G
Q,N,Q,Y,L,R,M,S,L,P,N
Q,M,G,S,N,R,G,A,S,Q,A
P,P,P,P,P,R,G,G,D,L,M
S,Y,A,G,G,R,G,S,Y,G,D
V,K,S,T,A,R,F,T,L,N,P
P,H,P,T,A,R,L,L,L,A,T
E,S,V,K,S,R,G,L,P,C,T
L,V,P,I,G,R,G,Q,R,E,L
S,S,P,L,E,R,G,G,I,H,S
Y,A,Q,A,D,R,C,A,T,R,R
Q,G,E,V,I,R,P,P,L,T,T
A,G,D,E,A,R,G,G,G,S,P
Q,T,L,P,S,R,G,P,R,G,G
P,S,R,G,P,R,G,G,G,A,G
P,P,P,S,A,R,S,T,P,L,P
P,L,H,T,P,R,A,S,P,T,G
G,G,A,A,W,R,S,R,L,N,S
K,Y,C,H,L,R,G,G,G,S,G
D,Y,D,A,G,R,G,G,Y,G,K
A,T,E,V,S,R,E,D,D,D,R
V,Q,N,S,E,R,G,K,K,I,G
H,P,G,L,L,R,G,G,A,G,G
P,P,P,L,Q,R,A,P,P,P,T
P,P,P,T,V,R,S,K,N,P,G
G,S,G,S,V,R,G,G,G,G,G
H,H,Q,A,Q,R,F,R,L,D,N
T,P,I,K,G,R,L,C,R,I,M
Q,V,D,S,V,R,G,F,G,G,K
S,M,R,L,H,R,G,A,P,V,N
S,Q,T,P,Q,R,Y,P,M,T,M
V,A,M,G,P,R,Q,H,Y,P,Y
P,L,V,T,M,R,P,A,S,Q,A
L,P,A,S,V,R,M,V,V,P,T
A,L,P,S,V,R,V,G,L,S,G
S,A,T,L,K,R,G,G,K,K,C
Q,S,N,Q,A,R,G,A,G,V,P
W,R,H,P,V,R,G,S,L,F,I
N,D,P,E,P,R,Y,L,V,H,G
S,T,A,G,S,R,T,G,S,R,T
R,A,G,S,R,R,G,S,F,D,A
I,Q,M,T,R,R,Q,S,V,G,R
R,Q,S,V,G,R,G,L,Q,L,T
V,A,G,V,P,R,F,R,F,G,P
G,R,Q,F,N,R,Q,R,G,I,S
Q,F,N,R,Q,R,G,I,S,H,A
H,A,M,G,G,R,G,G,I,N,R
Q,A,P,G,P,R,A,G,P,C,I
F,S,G,I,G,R,S,G,Q,Q,P
V,T,G,L,G,R,G,Q,Q,Q,V
S,R,G,R,L,R,G,G,L,G,W
P,C,S,L,G,R,G,A,A,P,S
G,S,G,Y,S,R,S,S,Q,G,Q
Q,A,Q,F,G,R,G,R,G,W,Q
V,T,Q,D,L,R,S,H,L,V,H
A,L,K,D,R,R,M,E,N,L,V
F,I,H,G,H,R,G,G,G,G,G
G,M,A,G,G,R,G,S,G,G,H
L,L,G,R,G,R,G,S,V,M,D
K,P,R,T,A,R,G,G,G,L,S
T,P,S,S,F,R,Q,P,F,V,T
V,T,P,S,S,R,S,L,L,R,H
R,M,P,P,S,R,L,S,G,I,M
H,V,T,Q,G,R,R,E,G,Q,A
K,I,A,T,P,R,G,A,A,S,P
L,D,F,K,D,R,V,Q,S,K,I
P,K,G,F,G,R,G,G,A,E,S
D,Y,Y,V,P,R,G,G,R,R,R
S,P,R,R,L,R,G,G,P,Q,C
T,M,H,V,G,R,G,G,D,V,F
V,V,T,A,N,R,G,S,S,P,Q
R,P,S,I,R,R,G,G,E,L,P
F,L,A,R,G,R,G,S,T,I,S
F,G,V,S,G,R,F,L,R,G,R
G,R,A,P,R,R,G,A,G,G,H
T,I,G,R,S,R,G,A,I,I,S
Q,G,V,Y,G,R,G,S,Y,P,G
L,Y,A,G,Q,R,L,P,Q,H,G
G,Q,P,L,P,R,Q,G,I,K,R
T,Q,S,S,G,R,G,G,S,L,A
P,A,K,S,L,R,G,G,P,G,S
A,P,P,G,G,R,S,S,G,I,W
T,A,A,G,S,R,G,G,S,A,A
E,R,D,R,R,R,G,S,T,P,W
K,L,G,S,G,R,G,T,G,Q,M
G,N,V,S,I,R,G,R,I,L,S
S,P,S,S,P,R,G,G,A,R,R
S,P,G,L,G,R,G,R,K,N,S
K,P,A,G,G,R,G,G,W,G,W
H,V,A,A,G,R,G,G,M,A,G
G,N,S,L,P,R,G,S,S,S,G
P,T,G,T,G,R,G,G,S,S,I
K,E,G,K,G,R,T,A,S,P,V
V,N,S,P,A,R,G,T,P,S,P
G,R,L,P,S,R,P,P,L,P,G
P,A,A,A,A,R,G,G,R,V,A
G,R,G,R,A,R,G,G,W,P,G
S,Q,G,K,G,R,G,L,S,L,S
A,G,A,G,A,R,G,G,A,P,A
D,S,S,A,P,R,L,G,R,F,C
A,P,R,L,G,R,F,C,G,S,G
N,P,C,G,S,R,L,Q,P,P,G
F,E,R,M,R,R,G,A,Y,G,G
L,S,P,E,M,R,E,H,Y,E,K
V,Q,R,S,M,R,G,G,Y,I,G
L,V,S,E,L,R,W,P,I,P,G
P,R,T,Q,G,R,G,G,P,A,S
T,E,F,Q,F,R,G,G,F,G,R
G,P,G,G,G,R,G,R,G,S,L
Y,A,A,H,G,R,G,A,L,A,E
A,A,T,L,A,R,G,S,G,R,P
R,K,S,Q,G,R,G,S,S,C,S
Y,Q,A,A,I,R,G,V,G,S,A
G,G,G,G,A,R,P,A,A,E,P
C,S,S,A,V,R,A,L,E,L,I
A,P,S,P,T,R,G,F,G,K,M
S,W,K,Y,S,R,G,A,G,L,G
X,X,M,G,G,R,G,A,D,A,G
R,R,S,V,S,R,G,S,Y,Q,L
R,P,S,P,R,R,G,G,S,Y,Y
F,L,S,R,G,R,G,V,L,F,L
G,Q,G,D,S,R,Y,P,L,L,G
A,N,L,L,Q,R,V,A,K,L,G
Q,M,G,S,N,R,G,A,S,Q,A
Q,M,G,T,N,R,G,A,S,Q,A
T,R,G,R,N,R,G,G,P,I,L
R,Q,N,R,S,R,G,Q,G,Y,V
G,Q,S,G,N,R,G,G,Y,R,N
R,D,R,Y,Y,R,N,Y,Y,G,Y
G,Y,Q,G,Y,R,X,X,X,X,X
G,R,K,P,A,R,G,G,Q,G,P
R,G,D,D,G,R,G,G,G,S,G
P,T,S,L,T,R,A,G,M,S,Y
L,S,R,H,L,R,G,H,G,P,Q
A,L,Y,G,Q,R,L,T,T,A,S
L,G,G,G,P,R,P,P,S,P,R
C,G,P,R,A,R,P,Y,G,S,S
S,S,Q,S,P,R,H,G,G,N,F
N,F,S,G,A,R,F,G,S,P,S
E,E,S,K,G,R,G,F,S,I,V
E,K,T,K,G,R,G,F,T,P,V
Q,S,T,F,L,R,F,N,H,P,A
L,T,L,G,A,R,G,R,R,T,R
S,S,G,G,G,R,G,G,G,A,G
P,R,P,G,V,R,G,A,P,S,S
E,Q,T,N,P,R,G,G,K,V,T
S,G,V,T,A,R,G,G,V,G,Q
E,R,S,L,G,R,G,L,F,V,D
Y,W,S,H,P,R,K,F,G,Q,G
S,R,G,A,P,R,L,P,T,V,C
S,R,G,I,G,R,G,I,A,L,Q
G,L,S,G,S,R,G,G,G,G,G
G,F,S,R,F,R,G,T,Q,Y,P
A,S,A,L,P,R,G,G,K,X,X
D,S,P,A,A,R,G,G,G,R,W
Q,P,S,P,G,R,G,G,T,S,T
P,S,A,D,P,R,L,P,L,V,P
A,S,T,L,R,R,G,G,P,T,S
R,A,G,V,G,R,A,S,Q,G,W
A,G,E,Q,L,R,G,G,P,G,G
G,G,P,G,G,R,G,R,R,G,R
P,G,G,R,G,R,R,G,R,G,R
S,A,S,L,G,R,G,G,G,G,S
R,R,S,V,S,R,G,S,Y,Q,L
G,P,P,V,E,R,P,P,L,A,T
A,P,R,I,T,R,G,S,A,P,L
R,S,S,R,S,R,G,S,F,G,M
G,S,S,G,G,R,G,G,A,G,G
S,S,S,Q,G,R,G,L,K,P,H
Q,P,L,G,P,R,I,I,A,P,P
L,G,R,A,N,R,F,L,S,T,A
T,Q,A,L,S,R,F,T,S,P,Q
E,P,L,S,A,R,R,G,D,C,P
Q,L,K,F,V,R,A,P,M,V,V
N,Q,S,P,F,R,A,P,L,N,V
P,P,Q,K,V,R,I,N,L,Q,Q
T,L,Y,Q,P,R,F,G,N,S,Q
A,G,G,F,Q,R,F,A,G,Q,N
P,M,V,M,K,R,P,Q,L,Y,G
G,G,Q,M,C,R,P,H,L,L,H
S,G,S,P,V,R,Y,Q,Q,E,T
S,Q,L,P,G,R,P,K,S,P,L
T,K,S,P,F,R,F,G,Q,P,S
A,E,Q,Q,R,R,Q,P,V,F,I
E,N,E,V,L,R,H,Q,L,F,A
V,A,A,V,G,R,Y,P,K,P,L
L,M,H,Q,N,R,Q,A,I,L,N
V,G,M,N,M,R,S,G,M,Q,Q
Q,Q,H,R,Q,R,Q,I,I,Q,Q
I,I,Q,Q,Q,R,A,M,L,M,R
E,H,S,K,W,R,Y,P,Q,P,Q
P,E,S,Y,P,R,S,F,Q,L,Q
F,Y,S,I,M,R,E,S,G,Y,L
Q,G,S,S,P,R,M,A,F,T,H
T,H,P,T,I,R,Y,H,H,H,H
V,P,P,P,I,R,Y,G,P,P,P
I,G,L,L,H,R,G,T,E,K,L
A,N,T,Q,P,R,G,P,L,S,Q
L,R,T,L,S,R,C,S,L,L,S
S,G,M,V,P,R,G,P,P,A,T
P,P,A,T,A,R,F,G,V,P,A
I,C,E,G,I,R,P,Q,I,M,N
I,P,P,A,P,R,G,V,P,Q,I
